package,name,icon_url,screenshots
business.braid.polycule,< polycule >,https://f-droid.org/repo/business.braid.polycule/en-US/icon_W1fQxNdMCn3uRAG_Qg4CJ6-DZp8CS_OyC4zOjxGe0K8=.png,
ch.abertschi.adfree,Ad-Free,https://f-droid.org/repo/ch.abertschi.adfree/en-US/icon_oxZXQVZVhWWYwNVpBHGvtBXpqlWpjMzuaqv0z25utaQ=.png,
co.epitre.aelf_lectures,AELF - Bible and day's reading,,
net.gitsaibot.af,AF Weather Widget,https://f-droid.org/repo/net.gitsaibot.af/en-US/icon_ghplyZpwg4iu0K7JhlFxGFi4TP3BTm2d8-g_pCDnROc=.png,
org.strawberryforum.argentum,AG Store,,
me.tagavari.airmessage,AirMessage,https://f-droid.org/repo/me.tagavari.airmessage/en-US/icon_CUuXJ7k2vgruQHkM1PPiWicdyv6NBw0yWyEZtexQP_M=.png,
org.akvo.rsr.up,Akvo RSR Up,https://f-droid.org/repo/icons/org.akvo.rsr.up.36.png,
com.alovoa.expo,Alovoa,https://f-droid.org/repo/com.alovoa.expo/en-US/icon_xakli7dDJCAiH60Ysdo8dl6swWXMHXvC3X6QeupZmsU=.png,
com.ounben.amaradio,AMARadio,https://f-droid.org/repo/com.ounben.amaradio/en-US/icon_pjFKVN2UyXH16DYwNImWOehtM7SJcf3LDUyb5V0BtxA=.jpg,
com.greenart7c3.nostrsigner,Amber,https://f-droid.org/repo/com.greenart7c3.nostrsigner/en-US/icon_GZCnTG4XMU5dhZlyqLj_Jqq0XZAtLTxd-65FCcmhGTI=.png,
com.vitorpamplona.amethyst,Amethyst,https://f-droid.org/repo/com.vitorpamplona.amethyst/en-US/icon_V3P3rGs_SBcGsPMCK5GBK0gP6TOn5USHOlzE0yz1Frs=.png,
org.andstatus.app,AndStatus,https://f-droid.org/repo/org.andstatus.app/en-US/icon_UCYzhHU2eLht9B2Ozjd2bckNxMHMZVYekHRBCUBMU7Q=.png,
io.gresse.hugo.anecdote,Anecdote,https://f-droid.org/repo/icons/io.gresse.hugo.anecdote.23.png,
com.axiel7.anihyou,AniHyou - AniList client,https://f-droid.org/repo/com.axiel7.anihyou/en-US/icon_6GZJ21qQfat7t4NRo5CLeZotLvnaCPsyrwiM6Qt_9Ts=.png,
im.narayana.another,another.im,https://f-droid.org/repo/im.narayana.another/en-US/icon_de5h_6YcQ0cBp3SXnjvxBXHd-TMf5bWE3_b15F8Qcxc=.png,
chat.delta.lite,ArcaneChat,https://f-droid.org/repo/chat.delta.lite/en-US/icon_sYG-g1GVg5LWwmvcdfKLtwd5rLFqXIua6MrAFWlr0L0=.png,
com.jtmcn.archwiki.viewer,ArchWiki Viewer,https://f-droid.org/repo/com.jtmcn.archwiki.viewer/en-US/icon_8Ly-RWjxvr2ZtVW5glzs4HDZPmgwbtAHCSWp2dPrliI=.png,
com.gianlu.aria2android,Aria2Android,https://f-droid.org/repo/com.gianlu.aria2android/en-GB/icon_SAKVG56Ft8cP5yndSJW4IjbSJN3G2j6p3_K2Wt0aT20=.png,
com.julij.arsovreme,Arso Vreme,https://f-droid.org/repo/com.julij.arsovreme/en-US/icon_EwuJKo4v6ChmY5weJP6rm1962EpnapvA3Y4u8CFuwH0=.png,
org.atalk.android,aTalk,https://f-droid.org/repo/org.atalk.android/en-US/icon_npXME1sGXFwesBukLxp9EO4m2x5V5hIQ_cX1EOkX8xY=.png,
com.atop,atop,https://f-droid.org/repo/icons/com.atop.1.png,
com.mrsep.musicrecognizer,Audile,https://f-droid.org/repo/com.mrsep.musicrecognizer/en-US/icon_-y9-IJVSKtxBEir-3CYGSo7SDJO6OtJZQ0azOxD2iD8=.png,
com.governikus.ausweisapp2,AusweisApp,,
com.tutpro.baresip,baresip,https://f-droid.org/repo/com.tutpro.baresip/en-US/icon_qFvR83vYRQa-9ynFsEeyDqc3r14pCAnvDikokQFVajY=.png,
com.tutpro.baresip.plus,baresip+,https://f-droid.org/repo/com.tutpro.baresip.plus/en-US/icon_vBuevwx-XIkobAxYCCWa6z-nvbn2aFNCAC8PRKHTvn4=.png,
np.com.binabh.basedcooking,Based Cooking,https://f-droid.org/repo/np.com.binabh.basedcooking/en-US/icon_CKURiZNKlQa5hXLeivceGtv1DjqymtAFr9R7FxUttw4=.png,
cz.vitskalicky.lepsirozvrh,Better Schedule (Bakaláři),https://f-droid.org/repo/cz.vitskalicky.lepsirozvrh/en-US/icon_i9d0EfIc9ANQM-7Ci-ZZUCBkgVPpxiW_RoeaXdedZqc=.png,
in.eike.better_stundenplan,Better Stundenplan,https://f-droid.org/repo/in.eike.better_stundenplan/en-US/icon_t-pzgN85_lY6JGQ1RWLFADULjr1kw5TXAeYot4VdsG0=.png,
com.sapuseven.untis,BetterUntis,https://f-droid.org/repo/com.sapuseven.untis/en-US/icon_Mclj7_M1nfc8_GdPdVJLlYTa4tUeJcvjizA8HEiKnGc=.png,
com.cabbagelol.bfban,BFBAN Assistants,https://f-droid.org/repo/com.cabbagelol.bfban/en-US/icon_kzHWNXNG61HeZTfxBL-b4wf38GpFBhQvhjsYkxvFYVM=.png,
eu.quelltext.gita,Bhagavad Gita,https://f-droid.org/repo/icons/eu.quelltext.gita.6.png,
ch.joshuah.bibleverseapp,Bible Verse App,https://f-droid.org/repo/ch.joshuah.bibleverseapp/en-US/icon_Lt4vZD7HXrMocGgaN_KjyjJdC24oKkrtUlaeDzQLpOA=.png,
de.phasenrauscher.bicyweather,bicyweather,https://f-droid.org/repo/de.phasenrauscher.bicyweather/en-US/icon_VXDI8808ssX_-ypR1vP4m3IDuYdzHV9x6rfic4kXFx4=.png,
com.a10miaomiao.bilimiao,bilimiao,https://f-droid.org/repo/com.a10miaomiao.bilimiao/en-US/icon_Wrs0KdHDq5eDCf2-t3v7tdnbgyt3uGVVqaF8jbQGzlM=.png,
de.binary_kitchen.doorlock_app,Binary Kitchen Doorlock,https://f-droid.org/repo/de.binary_kitchen.doorlock_app/en-GB/icon__x0_Wltk-zRdCa9DVtlCzKMAVQ2VMyTm69ckutgfGyU=.png,
org.bombusmod,BombusMod,,
de.wellenvogel.bonjourbrowser,BonjourBrowser,https://f-droid.org/repo/de.wellenvogel.bonjourbrowser/en-US/icon_YNU1dfira9uG5-PGFjmvXSmSCk5923U2XuUcQWI2oDI=.png,
org.brightdv.boxbox,"Box, Box!",https://f-droid.org/repo/org.brightdv.boxbox/en-US/icon_KVWunhNEoEcv332xJBLHURH2WHArh8HsNcoH89KXW4g=.png,
org.breezyweather,Breezy Weather,https://f-droid.org/repo/org.breezyweather/en-US/icon_e18rWq0tKc__3173BVXmiiasM_F7yrUbs6kh7lQffto=.png,
org.btcmap,BTC Map,https://f-droid.org/repo/org.btcmap/en-US/icon_I-7hLYvA5bMM7Vb1p_fM4qFMCRMy6oW9PKrAri-x6ss=.png,
eu.artectrex.bunny,Bunny Media Editor,https://f-droid.org/repo/eu.artectrex.bunny/en-US/icon_ATfp2F-S-1dlcw3YT49l5RfidGTl4b751cVV8fOzPpw=.png,
com.davidtakac.bura,Bura,https://f-droid.org/repo/com.davidtakac.bura/en-US/icon_-9UyXe3s6SeJvYm82kwmmrJ_16Q9lvPyzPRW2zWV8xU=.png,
dev.forgesworn.cambium,Cambium,https://f-droid.org/repo/dev.forgesworn.cambium/en-US/icon_sP2cTZy4hkMcz-O26g5R7veyEXK4mxSlagpUipUKaOE=.png,
com.cosmos.candle,Candle,https://f-droid.org/repo/com.cosmos.candle/en-US/icon_a3F5l7TM7vmMn-fz_83f39LDR1gGlfp30dD7B9AMofU=.png,
com.capyreader.app,Capy Reader,https://f-droid.org/repo/com.capyreader.app/en-US/icon_tQ3CVaQ8UOUmrdhIo_o8srR1mcj_7d7vDDNjcYnDBgw=.png,
com.theripper.cb_app,Cb_app: Client for using CommonBooking websites ,https://f-droid.org/repo/com.theripper.cb_app/en-US/icon_Kg9FGH_xP5nwQi2XywYevC6IFeYfbIb4l3YoCXdeVS4=.png,
com.bernaferrari.changedetection,Change Detection,https://f-droid.org/repo/icons/com.bernaferrari.changedetection.32.png,
com.cheogram.android,Cheogram,https://f-droid.org/repo/com.cheogram.android/en-US/icon_UmSjyfVBTQ0P2uLn3uXqBr-xvvkgfZsfk4q9pO2kXqo=.png,
de.live.gdev.cherrymusic,Cherry,https://f-droid.org/repo/de.live.gdev.cherrymusic/en-US/icon_Ba39NambPIPMSkfa2BBc6WmtmXEmgklr4vS38JWaO-0=.png,
com.akslabs.circletosearch,CircleToSearch App,https://f-droid.org/repo/com.akslabs.circletosearch/en-US/icon_r_u8aMdP4klqdgjcNDYbO28aDPPHvhDCT08y92oyH_A=.png,
org.woheller69.omweather,Cirrus,https://f-droid.org/repo/org.woheller69.omweather/en-US/icon_E3rAVMKaoXV3S6EdjZbr8Ah3yVuGV4teI7GOx4SRxl4=.png,
com.greenart7c3.citrine,Citrine,https://f-droid.org/repo/com.greenart7c3.citrine/en-US/icon_akAOqNX9nGRE3yX--I7yyU86ClWDbBUOsLyP08MLy8U=.png,
anupam.acrylic,Acrylic Paint,https://f-droid.org/repo/icons/anupam.acrylic.19.png,
dev.alexjyong.babbypaint,BabbyPaint,https://f-droid.org/repo/dev.alexjyong.babbypaint/en-US/icon_h8CJkP36uO_3HK3ZoTeN3rWD6qPWpFsJOOxatmCmHzA=.png,
dev.linwood.butterfly,Butterfly,https://f-droid.org/repo/dev.linwood.butterfly/en-US/icon_t5OMQ_t8oJtGM4xIKbdB6oxLF8lBJ-Rc-eVVtA1KWZU=.png,
com.knirirr.beecount,BeeCount Knitting Counter,https://f-droid.org/repo/com.knirirr.beecount/en-US/icon_zeDEsMH0H_gkUqRDRbngOFAsgRi9v7ZSS_3Dba_ASPo=.png,
de.retujo.bierverkostung,Bierverkostung,https://f-droid.org/repo/icons/de.retujo.bierverkostung.4.png,
com.iatfei.tsconverter,Chinese Converter,https://f-droid.org/repo/com.iatfei.tsconverter/en-US/icon_oyX-90VZkGLoa7dLjdd5jIt84FmXBj3GdSPZeAeNoVM=.png,
tech.brianrayburn.csv_editor,CSV Editor,,
cz.vitSkalicky.klavesnice,Czech Diacritic Keyboard,https://f-droid.org/repo/icons/cz.vitSkalicky.klavesnice.2.png,
a2dp.Vol,A2DP Volume,https://f-droid.org/repo/icons/a2dp.Vol.169.png,
io.github.rajnishkmehta.dhwanicontrol,Dhwani - Volume Control,https://f-droid.org/repo/io.github.rajnishkmehta.dhwanicontrol/en-US/icon_EkMTXPUy4RyWJNt4R_hWtqUL8fNkAXV77k8Q8Nyw6bg=.png,
com.github.mkalmousli.floating_mute,Floating Mute,https://f-droid.org/repo/com.github.mkalmousli.floating_mute/en-US/icon_DkEXz-lkHek92oBj7nES66ZWthlrlccdCBMbYn0GVuM=.png,
ac.amalfi.cloudsound,CloudSound - SoundCloud facilitator for Podcini.A,https://f-droid.org/repo/ac.amalfi.cloudsound/en-US/icon_O12aJDb4GhueOvrF174ocFnxMJHR8fItA0PRVR4ngVE=.png,
de.radiozeit.freiesradio.fdroid,Freies Radio,https://f-droid.org/repo/icons/de.radiozeit.freiesradio.fdroid.233.png,
ac.ella.peerpop,PeerPop - PeerTube facilitator for Podcini.A,https://f-droid.org/repo/ac.ella.peerpop/en-US/icon_O12aJDb4GhueOvrF174ocFnxMJHR8fItA0PRVR4ngVE=.png,
org.billthefarmer.accordion,Accordion,https://f-droid.org/repo/org.billthefarmer.accordion/en-GB/icon_UmLN5GQtjzIZa4OQzpZCav7sZMHRl9yQY14FJQ_yxIg=.png,
com.shapeshed.aerial,Aerial,https://f-droid.org/repo/com.shapeshed.aerial/en-US/icon_NBAkGi465YE5fUT_ww6ttkX5gnDydUwE_bisVvdAh4w=.png,
org.residuum.alligator,Alligator Bytes,https://f-droid.org/repo/org.residuum.alligator/en-US/icon_sIdTJs5-zY22D6mrhVKl10D4IFFoIHIBsiyerklrtUY=.png,
org.nqmgaming.aneko,ANeko Reborn,https://f-droid.org/repo/org.nqmgaming.aneko/en-US/icon_mqSV1J_e3gwTqKjZrdI4ym050O_Mc4Sx6jsLxHpqOYE=.png,
org.github.henryquan.animeone,AnimeOne,,
com.anisync.android,AniSync,https://f-droid.org/repo/com.anisync.android/en-US/icon_sTE4bvrQu9EJiQS4xXY16fIqINMml_icqi7SnlELu2Q=.png,
de.danoeh.antennapod,AntennaPod - Podcast Player,https://f-droid.org/repo/de.danoeh.antennapod/en-US/icon_w44b41PyuNt3pI7Gh8zYHJrWgu__3HT7YSWZtttfenk=.png,
uk.me.amugofjava.anytime,Anytime Podcast Player,https://f-droid.org/repo/uk.me.amugofjava.anytime/en-US/icon_u8Oj4YBbugVSPkevgHYIL7i04T2G16EtGsc7Y39z7bU=.png,
com.noxplay.noxplayer,APM,https://f-droid.org/repo/com.noxplay.noxplayer/en-US/icon_tAerTFO1H4OFuSE7t0bIVxXQNV4GpbXV0E6xdS8iO4Q=.png,
com.jvillalba.apod.md,Apod MD,https://f-droid.org/repo/icons/com.jvillalba.apod.md.11.png,
com.example.muzei.muzeiartvee,Artvee for Muzei,,
com.certified.audionote,Audio Notes,https://f-droid.org/repo/com.certified.audionote/en-US/icon_DoRQryXYjNFu77O2GfGwrN-UPMtUO05r1ms2oiW93i8=.png,
com.dimowner.audiorecorder,Audio Recorder,https://f-droid.org/repo/com.dimowner.audiorecorder/en-US/icon_JzliRmh_TwnKed3RdHrM5bTEoTZLqSEm-1UrNfCBCpE=.png,
fr.dzx.audiosource,Audio Source,https://f-droid.org/repo/fr.dzx.audiosource/en-US/icon_HdbnocsPszRmKujLiCHm5MhYRcbWDj0F1l2FwyenZbU=.png,
org.woheller69.audio_analyzer_for_android,Audio Spectrum Analyzer,https://f-droid.org/repo/org.woheller69.audio_analyzer_for_android/en-US/icon_69h0hh9-RSrBkOK1H9avcrClGYxS-jXwwEYX_umaAsg=.png,
io.github.rinoprogram.audiovisualizer,Audio Visualizer,https://f-droid.org/repo/io.github.rinoprogram.audiovisualizer/en-US/icon_1XmLEzrHQwIeCyYjlNQhfQWOhRvfmL2wkw7Olz4HpKk=.png,
com.quaap.audiometer,AudioMeter,https://f-droid.org/repo/icons/com.quaap.audiometer.3.png,
com.zoffcc.applications.avifview,AVIF Viewer,https://f-droid.org/repo/com.zoffcc.applications.avifview/en-US/icon_OKYEwdAsEntev6jE2sl8dvHB51U_q8Apzwr5G2u5vdI=.png,
com.serwylo.babydots,Baby Dots,https://f-droid.org/repo/com.serwylo.babydots/en-US/icon_nYdZYvFe9WcLZWvSssCIQV9hKrXtNuS0u6AysylZulY=.png,
com.babytouchlock,Baby Touch Lock,https://f-droid.org/repo/com.babytouchlock/en-US/icon_1jHoQmm5qdeO-Hjbzvs5hNsNVCIH36i3XdWqWpRUOM0=.png,
com.atharok.barcodescanner,Barcode Scanner,https://f-droid.org/repo/com.atharok.barcodescanner/en-US/icon_S-rcVe_yBSkajhQoDguYq9oyciRmhxLSStsftUOboGE=.png,
com.beatbridge,BeatBridge: Bluetooth Music,https://f-droid.org/repo/com.beatbridge/en-US/icon_xkxSOe14huX18OAsEfJxwfkIYEPYSbWbixzhtMd3XgU=.png,
rocks.mm_dev.BendyStraw,BendyStraw,https://f-droid.org/repo/rocks.mm_dev.BendyStraw/en-US/icon_bT7aA98uz_5LmgcdUvcXW8136dc57ZMUV2J8-lOr2Jw=.png,
cn.a10miaomiao.bilidown,BiliDownOut,https://f-droid.org/repo/cn.a10miaomiao.bilidown/en-US/icon_ItWA4a9FkEPad6fatU5QQWPIu18OT3xZJAzl6k9eJaY=.png,
de.markusfisch.android.binaryeye,Binary Eye,https://f-droid.org/repo/de.markusfisch.android.binaryeye/en-US/icon_JCQAH6daJAEg6038ZyKnweYEAYfbht0wrM_VejEpLxg=.png,
org.proninyaroslav.blink_comparison,Blink Comparison,https://f-droid.org/repo/org.proninyaroslav.blink_comparison/en-US/icon_YKBmFzZFOxejk81uJ8HdA2KnMBgGsBF4Nd8WBDjrF6s=.png,
dev.fabik.bluetoothhid,Bluetooth QR & Barcode to PC,https://f-droid.org/repo/dev.fabik.bluetoothhid/en-US/icon_Hd8trJjiQLyHH-hFFo8_vODv7vCxEk86T1ObVdGFmTY=.png,
com.atharok.btremote,Bluetooth Remote,https://f-droid.org/repo/com.atharok.btremote/en-US/icon_Br1IeCJAeGlqJpb3ehECIw3VOZe6u8A0-OsSnr51D80=.png,
org.inretio.bouncinglogo,Bouncing Logo,https://f-droid.org/repo/org.inretio.bouncinglogo/en-US/icon_Liiy2nsSQrSpyfkFaPZWiyZl0K_gxb1SiAspG6ja0lk=.png,
de.doen1el.calibreWebCompanion,Calibre-Web-Companion,https://f-droid.org/repo/de.doen1el.calibreWebCompanion/en-US/icon_qsrG8KdwuOt3wVmvmwecKsynsLFlzNdhAA-DItODV-E=.png,
de.kromke.andreas.cameradatefolders,Camera Date Folders,https://f-droid.org/repo/de.kromke.andreas.cameradatefolders/en-US/icon_MVyipbys0Khl7FKMFWRKvJXtIo8auPbx5btBjugQt3I=.png,
com.yepgoryo.CaptureCap,CaptureCap,https://f-droid.org/repo/com.yepgoryo.CaptureCap/en-US/icon_yRYgNtjOnZcmXNdiW5hvbmyobuZi7iBH-PwlF2K6Sjg=.png,
com.agateau.catgenerator,Cat Avatar Generator,,
de.fff.ccgt,ccgt,https://f-droid.org/repo/de.fff.ccgt/en-US/icon_ybl3ojGdQR6FJ-Lp9ntgRskyc2VngLkce_FgtFpm_S0=.png,
eu.tilk.cdlcplayer,CDLC Player,https://f-droid.org/repo/eu.tilk.cdlcplayer/en-US/icon_q5TUxIviillJFqJpTTqqWl_BKO17YPuchRikF-CEw2A=.png,
com.chemistry.admin.chemistrylab,ChemistryLab,https://f-droid.org/repo/com.chemistry.admin.chemistrylab/en-US/icon_lre2zDryjZdUmJ6FNctUQfb0TuBDGB3lBKub3tr4hCA=.png,
com.corphish.nightlight.generic,[ROOT] Night Light (KCAL),https://f-droid.org/repo/com.corphish.nightlight.generic/en-US/icon_z8ncDgcB-zj8Rv9UY77dakm6SNL0pE_2mr3IGjc7GMs=.png,
at.h4x.awhip,A Whip,,
com.pedronveloso.a11ybutton,Accessibility Button Launcher,https://f-droid.org/repo/com.pedronveloso.a11ybutton/en-US/icon_9jW5OvWJjZCi3GLGPk4s-Rvl1b_JmIf_tBP-icn7NQA=.png,
bluepie.ad_silence,Ad-silence,https://f-droid.org/repo/bluepie.ad_silence/en-US/icon_2EJTsBYkd7gnJX1js67OO-GjkDhALuX3iNfBHhslw1c=.png,
com.rascarlo.adaptive.brightness.tile,Adaptive Brightness Tile,https://f-droid.org/repo/icons/com.rascarlo.adaptive.brightness.tile.2.png,
dev.lexip.hecate,Adaptive Theme,https://f-droid.org/repo/dev.lexip.hecate/en-US/icon_Gvjlwz4BNJ_-aFoSQptogrA5cpp3wCjqq1aeyBrtLxY=.png,
io.github.yoshi1123.adbio,ADBio,https://f-droid.org/repo/io.github.yoshi1123.adbio/en-US/icon_0DetMmWcmB8vrf2Yhgkj2jPJpg2mMpLhDpWGHUbR6lE=.png,
com.davidshewitt.admincontrol,AdminControl,https://f-droid.org/repo/icons/com.davidshewitt.admincontrol.5.png,
org.alberto97.aodtoggle,Always On Display Toggle,https://f-droid.org/repo/org.alberto97.aodtoggle/en-US/icon_Hk5PG02PZK4uqaJPyVHCaE0KGt5jzOU2fgT7AJHdi4Q=.png,
io.github.domi04151309.alwayson,AlwaysOn | Always On Display,https://f-droid.org/repo/io.github.domi04151309.alwayson/en-US/icon_aCpq67_kJ5FJ79mOm4jcJxDG5mf6z2AERM7eXVjzVPg=.png,
org.anothermonitor,AnotherMonitor,https://f-droid.org/repo/icons/org.anothermonitor.10.png,
com.apk.editor,APK Explorer & Editor,https://f-droid.org/repo/com.apk.editor/en-US/icon_eqLqxsY5d0fqhmSpqpXE2l0cAIdpSuYXYxA3u5vBQQA=.png,
axp.tool.apkextractor,Apk Extractor,https://f-droid.org/repo/axp.tool.apkextractor/en-US/icon_eLeDhwmifZaH1xEaCVqYlgIuFRkg6rNLooPdMYqpzQs=.png,
neth.iecal.curbox,App Blocker: Curbox Detox,https://f-droid.org/repo/neth.iecal.curbox/en-US/icon_HNL_TVrNlbgFHoas29BEnjLq0BxZ1vgdraN-DTxSqTE=.png,
com.oF2pks.applicationsinfo,apps_Packages Info - Updated ApplicationsInfos (² ,https://f-droid.org/repo/com.oF2pks.applicationsinfo/en-US/icon_qwhsbeDJJaC-v_PGZ9XTmscBl1514RcO0ismxCtr5Es=.png,
org.archivekeep.ArchiveKeep,ArchiveKeep,https://f-droid.org/repo/org.archivekeep.ArchiveKeep/en-US/icon_ZxsnBJDtAQ758GSN1UA0oGiX9i2X2-2g4bD9RxLvYUA=.png,
dev.argus,Argus,https://f-droid.org/repo/dev.argus/en-US/icon_k3GG2X78W-zE003t6yQWouKDPjL6P4Xxzdm6Fys_7ao=.png,
in.sunilpaulmathew.ashell,aShell,https://f-droid.org/repo/in.sunilpaulmathew.ashell/en-US/icon_05BVWmrTXADMBGd-HrOqI7i2uRN6IB7kWF-i-iqhpp0=.png,
in.hridayan.ashell,aShell You,https://f-droid.org/repo/in.hridayan.ashell/en-US/icon_2SxCr_DxKj163Hyln2cNnEohMnPpisaF4erg_MZrWOw=.png,
com.joaohouto.assistivemenutool,Assistive Menu Tool,https://f-droid.org/repo/com.joaohouto.assistivemenutool/en-US/icon_vlng_wieYRycydoBZu4sNPwKh-qQ4uQsJlJkDttlYew=.png,
br.com.wasystems.audiooutputswitcher,Audio Output Switcher,https://f-droid.org/repo/br.com.wasystems.audiooutputswitcher/en-US/icon_kqcHt7a6vMuC2aeSYxBJgQCIk7efHrQE08_JkFwuNPc=.png,
com.aurora.adroid,Aurora Droid,https://f-droid.org/repo/icons/com.aurora.adroid.201.png,
com.jarsilio.android.autoautorotate,Auto Auto-Rotate,https://f-droid.org/repo/com.jarsilio.android.autoautorotate/en-US/icon_s6I2rX9uTIzUeZw1FSOISOZ5M1-86EKvhy82FDCLd_4=.png,
com.mine.autoshine,Auto Shine,https://f-droid.org/repo/com.mine.autoshine/en-US/icon_co76v9KUnJJ0Y6InC0w9mEeShxDhrtKbqN0qnvqedyE=.png,
com.elsdoerfer.android.autostarts,Autostarts - Block apps from starting automaticall,https://f-droid.org/repo/com.elsdoerfer.android.autostarts/en-US/icon_i_vZPFJOwuBHv0TV4Cr_Y5ZmuD_rKO0okvaxRdDGLQM=.png,
background.work.around,BackgroundWorkAround,https://f-droid.org/repo/background.work.around/en-US/icon_YaevovlvE9Z7mnfo4DTeHwzw9fXbWFgx4NUPburHIcg=.png,
org.secuso.privacyfriendlybackup,Backup (Privacy Friendly),https://f-droid.org/repo/org.secuso.privacyfriendlybackup/en-US/icon_ACUyRh4jVfec1WnYIasLisYeCx4zcDkDOrbDGG8rqZY=.png,
tk.al54.dev.badpixels,Bad Pixel Detector,https://f-droid.org/repo/icons/tk.al54.dev.badpixels.4.png,
com.nfcarchiver.banana_split,Banana Split,https://f-droid.org/repo/com.nfcarchiver.banana_split/en-US/icon_u5aAB9xsZBGtbfFf2NWlTepKWr5VJ7cHSkpQX7xzZbw=.png,
com.easwareapps.baria,BARIA,https://f-droid.org/repo/icons/com.easwareapps.baria.1.png,
net.pgaskin.batterytile,Battery Tile,https://f-droid.org/repo/net.pgaskin.batterytile/en-US/icon_NYMqUm27QgxM-yudpDCH2e3FF3eNR-1iuYDN0g9eZgc=.png,
io.github.domi04151309.batterytool,Battery Tool | Hibernate Unused Apps,https://f-droid.org/repo/io.github.domi04151309.batterytool/en-US/icon_H87_WO_-sAfS7Rs_HLa2Wd2C8Kj7tBTwMtszsABwgbY=.png,
com.samebits.beacon.locator,Beacon Locator,https://f-droid.org/repo/icons/com.samebits.beacon.locator.122.png,
eu.rafareborn.biometricbypass,Biometric Bypass,https://f-droid.org/repo/eu.rafareborn.biometricbypass/en-US/icon_qqJQwEsog08SAsJE_MC7hAE_7cbmumOaxjKoHVt4VGc=.png,
ru.meefik.busybox,BusyBox,,
com.smartpack.busyboxinstaller,BusyBox Installer,https://f-droid.org/repo/com.smartpack.busyboxinstaller/en-US/icon_0OgIeQn8rVV-JiP0UuiDfg2JpBgZipwEdotj-IJtDMI=.png,
ca.asmat.buzzkill,BuzzKill,https://f-droid.org/repo/icons/ca.asmat.buzzkill.10010.png,
corewala.gemini.buran,Buran,https://f-droid.org/repo/corewala.gemini.buran/en-US/icon_koY24uIl_1C5ANbbbUZ8z6khoNeyg2IMnyr7u24NF6g=.png,
ie.equalit.ceno,Ceno Browser: Share the Web,https://f-droid.org/repo/ie.equalit.ceno/en-US/icon_IUDn3JksORJLzQA1NiYBmvG7MghNXrz0X4LjX-kuF9c=.png,
space.karrarnazim.ConsoleFlow,ConsoleFlow,https://f-droid.org/repo/space.karrarnazim.ConsoleFlow/en-US/icon_K3kbaTWAtzKzY-8N7jYYGQml7_ceEV9JelT7fsSituo=.png,
com.foxdebug.acode,Acode IDE: Terminal & AI Code,https://f-droid.org/repo/com.foxdebug.acode/en-US/icon_ljuxslVt96jUyr6FANAPcSTfaLbw4C61GnouGefIK-Y=.png,
adb.captain,ADB Captain,https://f-droid.org/repo/adb.captain/en-US/icon_1YuRxrPGuXWQDGpVAbUFWtvkFLdbucjPgOEZmbWkilg=.png,
com.android.adbkeyboard,ADBKeyBoard,https://f-droid.org/repo/icons/com.android.adbkeyboard.2.png,
com.trianguloy.isUserAMonkey,AndroidSDK easter egg showcase,https://f-droid.org/repo/com.trianguloy.isUserAMonkey/en-US/icon_D7WEScVwJ6h0IRdIFrGgwQyh91A-SHGNqThcKD7sGLY=.png,
exa.lnx.a,AnLinux,https://f-droid.org/repo/icons/exa.lnx.a.677.png,
org.gsmlg.semaphore,Ansible Sempahore Client,https://f-droid.org/repo/org.gsmlg.semaphore/en-US/icon_vaUKocZwhDYtW0ucXmlspRQnbw--Tiw4k2WxUQgOn4w=.png,
io.github.jeffin_v.apiflow,API Flow,https://f-droid.org/repo/io.github.jeffin_v.apiflow/en-US/icon_R4smzVqBMeqM15SkP4ZDiUwcAiiK7F4IgP8XBth4zQM=.png,
de.grobox.appbundlereporter,App Bundle Reporter,https://f-droid.org/repo/de.grobox.appbundlereporter/en-US/icon_aRU0_NLSKd9hPN6smfDm1higPSa7MsHfgAxDaw-4y00=.png,
dev.sebaubuntu.athena,Athena,https://f-droid.org/repo/dev.sebaubuntu.athena/en-US/icon_-ZocSFlcO8SmKI-yctwq8pAzikPGeNQcyCsTJfIGi7c=.png,
com.wrmndfzzy.atomize,Atomize,https://f-droid.org/repo/icons/com.wrmndfzzy.atomize.1.png,
com.rascarlo.aurdroid,AURdroid,https://f-droid.org/repo/com.rascarlo.aurdroid/en-US/icon_LDHyfyK_qCSLUjXvKagYCAUepMoH-pYqh0_lvieW3Uo=.png,
com.autopi,AutoPie,https://f-droid.org/repo/com.autopi/en-US/icon_0rwD3BI7MWHXOt-a5C2BynnG92lPjzGj9nX2M-ipT3I=.png,
io.github.fm_elpac.azi_demo,Azi Demo,https://f-droid.org/repo/io.github.fm_elpac.azi_demo/en-US/icon_a4yxk86062zVXGX56vjZMDepLLWHsmQrw1P1AGnBDMI=.png,
com.greenaddress.abcore,ABCore,https://f-droid.org/repo/icons/com.greenaddress.abcore.77.png,
org.elijaxapps.androidxmrigminer,Android XMRig Miner,https://f-droid.org/repo/icons/org.elijaxapps.androidxmrigminer.5.png,
ademar.bitac,BitAC - Bitcoin Address Checker,https://f-droid.org/repo/ademar.bitac/en-US/icon_QNM1nEQoEyPFbRM42MXGsEwMNXfrZrVKuw2OGvZIB_4=.png,
app.michaelwuensch.bitbanana,BitBanana,https://f-droid.org/repo/app.michaelwuensch.bitbanana/en-US/icon_Bwtc77qvMnfGxPfITLr9-I2hl4eC-loFp5e2GJb0GuM=.png,
de.szalkowski.activitylauncher,Activity Launcher,https://f-droid.org/repo/icons/de.szalkowski.activitylauncher.20500.png,
com.szchoiceway.aios.bridge,Alt Launcher,https://f-droid.org/repo/icons/com.szchoiceway.aios.bridge.8.png,
de.thomaskuenneth.benice,Be nice,https://f-droid.org/repo/de.thomaskuenneth.benice/en-US/icon_HVLEYGeNeb7p-S08oXOvzeiQtZwD8uRN1dmpJ7dufGs=.png,
net.nhiroki.bluelineconsole,Blue Line Console,https://f-droid.org/repo/net.nhiroki.bluelineconsole/en-US/icon_0CppeTmzMwDk3lKOJ5rwgfCwhJogLLnJ1K2OGLRH4SY=.png,
app.cclauncher,CClauncher,https://f-droid.org/repo/app.cclauncher/en-US/icon_7vrrW14dh3qXGJYNqAiMKB0RXR26S2e3ZpKie7q3QLo=.png,
app.clauncher,Clauncher,https://f-droid.org/repo/app.clauncher/en-US/icon__ZOQ8DV31nUQI4yXA61qRqpFSaTBwf5uaI0iP1eJURM=.png,
com.conreo.couchytv,Couchy Launcher,,
dev.msbs.cyclauncher,Cyclauncher,https://f-droid.org/repo/dev.msbs.cyclauncher/en-US/icon_ya_2-SA4vVp4fVpGZ7ww-srq_i5Ry9gWR7ocg5X0jA8=.png,
com.mobilefork.hermesagent,Agent,https://f-droid.org/repo/com.mobilefork.hermesagent/en-US/icon_Cj75cUHRcCBmdAC3uvz9a6HE1jEONECfP9zfz08BBVQ=.png,
com.newoether.agora,Agora,https://f-droid.org/repo/com.newoether.agora/en-US/icon_Uf0V9GGgLhGdZnhBaCoZoYlHxELFlQnQg_tpzJ6Xzvw=.png,
com.foss.aihub,AI Hub,https://f-droid.org/repo/com.foss.aihub/en-US/icon_MN1w7cyuCHCvNyLQsirwAj1mBGw4zfG3QwKk1TyrXro=.png,
com.beradeep.aiyo,Aiyo,https://f-droid.org/repo/com.beradeep.aiyo/en-US/icon_prIRObBsoeVBXMVS_iJ7IkkPC2tLjXSfpFEvNiA1iGY=.png,
ai.privatebydesign.albi,Albi,https://f-droid.org/repo/ai.privatebydesign.albi/en-US/icon_pRfoNlFSHF9GENFncV3zNDHCufjoYcLArvULef0NUMM=.png,
com.baldo.babymonito,Baby Monito,https://f-droid.org/repo/com.baldo.babymonito/en-US/icon_k8XrytSummGfHfFYBzUF5zXMbrGXaOzuIg2yiS7GZcI=.png,
com.derdilla.bloodPressureApp,Blood pressure monitor,https://f-droid.org/repo/com.derdilla.bloodPressureApp/en-US/icon_kz6QGLlBsqPBk-wWlukbiJfWC2SGpT9eB1hi5Wd3w8c=.png,
ch.nilsgrob.android.bluemoon,Bluemoon,https://f-droid.org/repo/ch.nilsgrob.android.bluemoon/en-US/icon_sQnbRgYUPbZN2D6xrSjr57vnbiE7HjPnvlGFk0Q0ic4=.png,
com.github.characterdog.bmicalculator,BMI Calculator,https://f-droid.org/repo/com.github.characterdog.bmicalculator/en-US/icon_6sUIvh4_GLp7h5fAr7dhqRsPU2bsMNFpNJH7l-wyxKA=.png,
com.zola.bmi,BMI Calculator,https://f-droid.org/repo/icons/com.zola.bmi.402.png,
nl.eventinfra.wifisetup,37C3 Wifi Setup,,
net.basov.lws.qr.fdroid,[lWS.QR] lightweight Web Server QR code,https://f-droid.org/repo/net.basov.lws.qr.fdroid/en-US/icon_3QPdDXAwHPzEn1Y7CC_b-uDR4AMR11_QYJvSx_J5ctI=.png,
pc.javier.actualizadoropendns,Actualizador ODNS,https://f-droid.org/repo/pc.javier.actualizadoropendns/en-US/icon_soaT2WQO3A3ISsmaW_iRgHIvxnGGuXXzTejcJSazmUY=.png,
com.freerdp.afreerdp,aFreeRDP,,
de.seemoo.at_tracking_detection,AirGuard - AirTag protection,https://f-droid.org/repo/de.seemoo.at_tracking_detection/en-US/icon_kP8DcoV5XpzDCoaeezya6rZJiHzQ4VCm6nJgMaNUvuM=.png,
space.ring0.airheadwaves,AirheadWaves,,
idv.markkuo.ambitsync,AmbitSync,https://f-droid.org/repo/icons/idv.markkuo.ambitsync.9.png,
kiwi.root.an2linuxclient,AN2Linux,https://f-droid.org/repo/kiwi.root.an2linuxclient/en-US/icon_g8qx87Gjd9SCT5ZAtVFcmjZkQgqZEztZ0NPIM3azDrE=.png,
org.xapek.andiodine,AndIodine,,
com.fr3ts0n.ecu.gui.androbd,AndrOBD,https://f-droid.org/repo/com.fr3ts0n.ecu.gui.androbd/en-US/icon_y4U72C3ccx_ULatS3fRi_HPArPTpRBbCLwZdMiCindQ=.png,
com.fr3ts0n.androbd.plugin.gpsprovider,AndrOBD GpsProvider,https://f-droid.org/repo/com.fr3ts0n.androbd.plugin.gpsprovider/en-US/icon_Zk0bE8ZlXX36xA2G3fi1hziF--dwIp75peUbZfBlq14=.png,
com.fr3ts0n.androbd.plugin.mqtt,AndrOBD MQTTPublisher,https://f-droid.org/repo/com.fr3ts0n.androbd.plugin.mqtt/en-US/icon_WIDPMxwSOcxbeaH1R3k4u9YfVjPR6YviDq6BoygPP_0=.png,
com.fr3ts0n.androbd.plugin.sensorprovider,AndrOBD SensorProvider,https://f-droid.org/repo/com.fr3ts0n.androbd.plugin.sensorprovider/en-US/icon_hVzi0hwJqNtuUmn_96H02P6ibprtuLK14mD7dhrlMbs=.png,
dev.patri9ck.a2ln,Android 2 Linux Notifications,https://f-droid.org/repo/dev.patri9ck.a2ln/en-US/icon_HuUFUnlpjQNhR_9oEpTuySfUJxQuTL1jYOX7ztGkWpc=.png,
io.github.teamclouday.AndroidMic,AndroidMic,https://f-droid.org/repo/io.github.teamclouday.AndroidMic/en-US/icon_mm-h1mqYe-WgPjuBUxqXgMzGkeOWOPEBs9CiVTDu5f0=.png,
anonvpn.anon_next.android,ANONguard,,
org.anonomi.android,Anonomi Messenger,https://f-droid.org/repo/org.anonomi.android/en-US/icon_e1WvGK7wBcbPGjg9QjrScD42nrs70kZETuBf8mnSjw0=.png,
com.dx.anonymousmessenger,Anonymous Messenger,https://f-droid.org/repo/com.dx.anonymousmessenger/en-US/icon__vjzra4SE9gu05S3eyvaTAa5CE2vUjM-s43TC3CCZUI=.png,
com.anywherelan.awl,Anywherelan,https://f-droid.org/repo/com.anywherelan.awl/en-US/icon_7nq7TVlFL3fVZBJ0S1Tn-f-zPwKvVVl7Cx26NY8gT3I=.png,
com.poppingmoon.aria,Aria for Misskey,https://f-droid.org/repo/com.poppingmoon.aria/en-US/icon_nKGYjQuir4PxWAkdmuR1hbe9QAaUXGe0y2SR3dcTMv8=.png,
io.mkg20001.arubanetworkslogin,Aruba Networks Login,https://f-droid.org/repo/io.mkg20001.arubanetworkslogin/en-US/icon_auxSXxqCfArjdz9vPtg2BKZOSr83wIhHWQLj2t6eSXE=.png,
org.asteroidos.sync,AsteroidOS Sync,https://f-droid.org/repo/org.asteroidos.sync/en-US/icon_-18DfQKNJx7ixGFM3T7kT1jsB27p4M3XPhJ1I-x2lv4=.png,
cat.naval.atalaya,Atalaya,https://f-droid.org/repo/cat.naval.atalaya/en-US/icon_quEvETpLhiZ0ZHKqAOENEopUHXgydqCZHYASe_fhQPI=.png,
io.github.mkckr0.audio_share_app,Audio Share,https://f-droid.org/repo/io.github.mkckr0.audio_share_app/en-US/icon_uO7JxiR8WPNmAp8PDIu2D8yqc81rZCFq83icSddiEGA=.png,
com.mystro256.autooffbluetooth,Auto Off Bluetooth,https://f-droid.org/repo/icons/com.mystro256.autooffbluetooth.5.png,
com.trianguloy.continuousDataUsage,Average data usage widget,https://f-droid.org/repo/com.trianguloy.continuousDataUsage/en-US/icon_9RcbRgfn3r2ymphiz0w16fhfKXJD_d0jpkRlroBmY3k=.png,
com.gaurav.avnc,AVNC,https://f-droid.org/repo/com.gaurav.avnc/en-US/icon_9LmTe36jzAZM_2etRyBAbVFt0w8Zkm0qveSF86AqRxk=.png,
com.awakeonlanmobile,AwakeOnLANMobile,https://f-droid.org/repo/com.awakeonlanmobile/en-US/icon_Zr9F9t6Y2DFYGHMgOftQ4cqQ4E4HmbA5cU7b6NWwQ3Y=.png,
com.jerameeldelosreyes.bacon,Bacon  - Bluetooth Controller,https://f-droid.org/repo/com.jerameeldelosreyes.bacon/en-US/icon_Ihqhf9JlheDReaup-5sDlv3UFtLBoxZ8Y3US8OmGa08=.png,
org.fossasia.badgemagic,Badge Magic,https://f-droid.org/repo/org.fossasia.badgemagic/en-US/icon_k8Vsn3Q14sT_LtSOBc3Llj5gfqPyV40MI6ZzddRDz1A=.png,
com.espruino.gadgetbridge.banglejs,Bangle.js Gadgetbridge,https://f-droid.org/repo/com.espruino.gadgetbridge.banglejs/en-US/icon_pk-rmAui3vCGzghh6lFgaSpH80cnFRz5FiE8BKBoT7g=.png,
de.bulling.barcodebuddyscanner,Barcode Buddy,https://f-droid.org/repo/de.bulling.barcodebuddyscanner/en-US/icon_d-5wBjXTL7QHBSxVkiddVKoBI-_8fx9NVMtHAfbIZSE=.png,
eu.halaser.beamctrl,BeamControl for Smart Interface,https://f-droid.org/repo/icons/eu.halaser.beamctrl.103.png,
be.casperverswijvelt.unifiedinternetqs,Better Internet Tiles,https://f-droid.org/repo/be.casperverswijvelt.unifiedinternetqs/en-US/icon_isc7QvWumAfej_h0x4_CzeOtF-cy66le_5S6g5pGGrg=.png,
de.phrogg.bg2banglejs,BG2BangleJS,,
dev.bg.bikebridge,BikeBridge,https://f-droid.org/repo/dev.bg.bikebridge/en-US/icon_glWTVQcVKII7aPoIVvun47Y4CAdqZXKTxEUyTYGB21I=.png,
alt.nainapps.aer,Aer - Fork of Anemo,https://f-droid.org/repo/alt.nainapps.aer/en-US/icon_QAL7nRZio6Fo9XtPRi0jGLdFxuY3mLdsqxbV_8cXURM=.png,
com.agepony.app,AgePony: Encrypt & Sign,https://f-droid.org/repo/com.agepony.app/en-US/icon_hP3AgSBoB1d5_uH4dEUk2DZXmXkJ9cOFY4p9IjvMxwA=.png,
com.androidcrypt,androidcrypt,https://f-droid.org/repo/com.androidcrypt/en-US/icon_USbum7TcuiU-uw6CwRQ4odr5zD_ugeJe3wyQDPiYHyg=.png,
org.adaway,AdAway,https://f-droid.org/repo/org.adaway/en-US/icon_tKwcVT8aMbx2qao_fv-a4V5Epua_g0FOYWilovP7yjk=.png,
androdns.android.leetdreams.ch.androdns,AndroDNS,,
com.kin.athena,Athena: Firewall DNS AdBlocker,https://f-droid.org/repo/com.kin.athena/en-US/icon_wwkFMd7TrtQ-iV2dT8C0CA0MvXDWaLuMCIPVBAjzguM=.png,
io.github.derweh.bayesianbahn,BayesianBahn,https://f-droid.org/repo/io.github.derweh.bayesianbahn/en-US/icon_0DfMXPWL8CARvikM2heJQrUQvjP-xynK5WKDMSRQnhs=.png,
app.agneldev.kochitransitgo,Kochi Transit Go,https://f-droid.org/repo/app.agneldev.kochitransitgo/en-US/icon_qF1D0gmUBq-dKJ11FNrw5CdI3M4bS6JyOlRg0C_yqyY=.png,
com.sphericalkat.rushhour,Rush Hour,https://f-droid.org/repo/com.sphericalkat.rushhour/en-US/icon_8ms4C1cK9NuTmIsABn_2kkHyg8aLaEOa2LQEyQjfuvg=.png,
com.chiller3.basicsync,BasicSync,https://f-droid.org/repo/com.chiller3.basicsync/en-US/icon_GyEtqbADRySeI1-XBq2tVaJl-oyCUvyeUB66uTQy9Kg=.png,
org.cryptomator.lite,Cryptomator,https://f-droid.org/repo/org.cryptomator.lite/en-US/icon_7xJFlQlRtgL84gUfd2p_havFrUXO36Gb7Y00E21HhaA=.png,
org.decsync.cc,DecSync CC,https://f-droid.org/repo/org.decsync.cc/en-US/icon_5E7teOeS_YsQsK_2tUF-9KCqW_uxXZ6zP_6xHnyAsGQ=.png,
dk.bjoerckbraun.deltasync,DeltaSync,,
ru.nsu.bobrofon.easysshfs,EasySSHFS,https://f-droid.org/repo/ru.nsu.bobrofon.easysshfs/en-US/icon_kq1Pf3Pki_NY4H4eu2bOC4cHKTzQtAj4xGFtEA3QEqU=.png,
com.phpbg.easysync,EasySync,https://f-droid.org/repo/com.phpbg.easysync/en-US/icon_qWeU5CTFlPHDs_ifrcd49JljDnMQ90Jj2YPxUOnxgFM=.png,
com.armanmaurya.archiv,Archiv,https://f-droid.org/repo/com.armanmaurya.archiv/en-US/icon_hY8bJni8l1Dtf_awH0aWoZTpAxnDHndpThEWYu4j4Ic=.png,
app.areada,Areada,https://f-droid.org/repo/app.areada/en-US/icon_4A__GxJK-v0etPLpyiMRpYI1QHdO2PkNOpDxbet_UOs=.png,
ua.acclorite.book_story,Book's Story,https://f-droid.org/repo/ua.acclorite.book_story/en-US/icon_osNOP4jv17I_SUbTO5EimaBl53dZMwDenH2lFKsnN78=.png,
com.bookstash.app,BookStash,https://f-droid.org/repo/com.bookstash.app/en-US/icon_AFWgnzbFY3Y4U7hXp4E87T8MU_OcFDEab-sTB93c6i4=.png,
net.timelegend.chaka.viewer.app,Chaka Book Reader,https://f-droid.org/repo/net.timelegend.chaka.viewer.app/en-US/icon_IDV990nBWZsZCBU4QEZQa1GuQOKrhC0YFVDr6rsUGyI=.png,
org.afhdownloader,AFH Downloader,https://f-droid.org/repo/icons/org.afhdownloader.11.png,
com.gianlu.aria2app,Aria2App,https://f-droid.org/repo/com.gianlu.aria2app/en-GB/icon_EmxffhA8b-3mP87j_dwrvCxfsn587siAGJ7UBwYd-sE=.png,
app.atrium,Atrium,https://f-droid.org/repo/app.atrium/en-US/icon_f-13-uC9mXjuRx22vGaxGwtF1xlS8k_g8AB1zdU-1-k=.png,
com.biglybt.android.client,"BiglyBT, Torrent Downloader",https://f-droid.org/repo/com.biglybt.android.client/en-US/icon_ldmgJws0Hnjf9KMHZoLbs5ohTdhbKAdzeTdHFpwXLgQ=.png,
cc.kafuu.bilidownload,BVD,https://f-droid.org/repo/cc.kafuu.bilidownload/en-US/icon_CQ3B9pPSHorTct4vGlrWxSuP3kgAwB-YSoRM_cjraRw=.png,
de.rampro.activitydiary,Activity Diary,https://f-droid.org/repo/de.rampro.activitydiary/en-US/icon_5xOqADO167WaTFgCpqpjZC8eBx-q65NIYuUuV7E12Nw=.png,
com.maltaisn.notes.sync,Another notes app,https://f-droid.org/repo/com.maltaisn.notes.sync/en-US/icon_mJ0d6tv-k6AvhxRv7exXNxoVVvFZl9GYJnznmNBD9as=.png,
com.solar.aquarellnotes,AquarellNotes,https://f-droid.org/repo/com.solar.aquarellnotes/en-US/icon_HZlzx5O9pBskNWUuiCZeALvoe1k2dKtWrYqdEmApaOA=.png,
off.kys.backtalk,Backtalk,https://f-droid.org/repo/off.kys.backtalk/en-US/icon_0Ag2iwakV2Xe3Khfej26o_HKJ2buxzzJtCoTRjnpI1Y=.png,
com.rootminusone8004.bazarnote,Bazarnote,https://f-droid.org/repo/com.rootminusone8004.bazarnote/en-US/icon__VNMNgowhEpEPB123ZHtcgIKHqw8Mcx0-oi4f_0xU9w=.png,
com.burnpony.android,BurnPony,https://f-droid.org/repo/com.burnpony.android/en-US/icon_3UVp9I9URK1PIBu1Muwc-bhUxAUQhpNBhGRd6mehekI=.png,
com.spisoft.quicknote,Carnet,https://f-droid.org/repo/com.spisoft.quicknote/en-US/icon_L_5SYcYDqGZNquF7y3IDl39jaYSZPPrsVjXKq1B28Nk=.png,
com.ciphernotes.twa,ciphernotes,https://f-droid.org/repo/com.ciphernotes.twa/en-US/icon_OoB3C3ggtP7ZSkXHWmt8f3YFAlZSHN3bXcJIKJCsUO8=.png,
dev.cipher.notes,CipherNotes,https://f-droid.org/repo/dev.cipher.notes/en-US/icon_JayCz9JVbhazZiaQikWPD7Y96YaIEeP7ggHwhW88rtM=.png,
com.git.itdolan31.crystalpad,Crystalpad,https://f-droid.org/repo/com.git.itdolan31.crystalpad/en-US/icon_xrEW-4EVLLBgNPLaoHVhWHcHCu-Uppokh9_xvkpFvOc=.png,
io.gitlab.jrock902.cypherleaf,CypherLeaf,https://f-droid.org/repo/io.gitlab.jrock902.cypherleaf/en-US/icon_qOU5eSxVFRJL9Vl4ufLXdHZ4kUb-29ub8GufFK4QAwE=.png,
com.voklen.daily_diary,Daily Diary,https://f-droid.org/repo/com.voklen.daily_diary/en-US/icon_CYxaTzxdOjg9NGtMPC_-f_FJon-Fee767gKhIlqixkg=.png,
eu.uwot.fabio.altcoinprices,Altcoin Prices,https://f-droid.org/repo/icons/eu.uwot.fabio.altcoinprices.81.png,
app.bitbag,Bag: Bitcoin Portfolio Monitor,https://f-droid.org/repo/app.bitbag/en-US/icon_5RIEOmbKcH0KLYJOOB-7BNoBdO8L_R6eJedWGXNTh4g=.png,
mobi.boilr.boilr,Boilr,https://f-droid.org/repo/icons/mobi.boilr.boilr.9.png,
net.canvoki.carburoid,Carburoid,https://f-droid.org/repo/net.canvoki.carburoid/en-US/icon_g1_TgGO4ihZMEwc-xx6QAkEJX3y4KCHvNw5oTtJoia8=.png,
org.cheeserobot.btcwidget,Cheese BTC Widget,https://f-droid.org/repo/org.cheeserobot.btcwidget/en-US/icon_4BVVC0YGyPlSE9xD5ZOHjnwG_CYNhs7vvDU5qRjVgIU=.png,
io.github.anrinion.baseline,Baseline,https://f-droid.org/repo/io.github.anrinion.baseline/en-US/icon_05GuAyIPNYbN-Q-UsnKZno2DI9jwBIAh7-5E-SDrrtA=.png,
de.swgross.calorimeter,Calorimeter,https://f-droid.org/repo/de.swgross.calorimeter/en-US/icon_lswfU7eB9tbgPaGehySdDPmPhhfQv5vgP_WnAO4avWc=.png,
app.chompass,Chompass - Calorie Tracker,https://f-droid.org/repo/app.chompass/en-US/icon_tf1GtLGXCMMC-57N73q7zOuwTu_gNDNTTNI5xl8Dv5U=.png,
com.vtrack,Autometer,https://f-droid.org/repo/com.vtrack/en-US/icon_rl4PiFmEkt9aCYGOZ9DdClhHaQ6PxLUeqo0POt2mcG4=.png,
org.juanro.autumandu,Autu Mandu,https://f-droid.org/repo/org.juanro.autumandu/en-US/icon_uEa9497MOVXWW58LTZgA9_TiljyFJjcSvc5I3DEBqGo=.png,
com.ashkanrafiee.balance,Balance,https://f-droid.org/repo/com.ashkanrafiee.balance/en-US/icon_wce8C-_r5q2DySbH7r8lr4Se78_kXuSFapenQNtd6IE=.png,
com.baluchon.app,Baluchon,https://f-droid.org/repo/com.baluchon.app/en-US/icon__AlEI5TtrLdRmoPOsLOCrAUni0Qg3lOPIqq9rH7Ftqw=.png,
org.eagsoftware.basiccashflow,Basic Cash Flow,https://f-droid.org/repo/org.eagsoftware.basiccashflow/en-US/icon_0MeG5HZq37msNwbwopKOs91xnQTeQx7fEa_6wmdgP-c=.png,
com.bily,Bily,https://f-droid.org/repo/com.bily/en-US/icon_CrS58KsL6QockrpMoaJgiQGBAq9lFif8k1XMwd2qMcU=.png,
com.bote.app,Bote,,
com.danilkinkin.buckwheat,Buckwheat: Budget manager,https://f-droid.org/repo/com.danilkinkin.buckwheat/en-US/icon_u6dctGK8oc8lOsNhj5xLeiIXBaUl7W3PZICfLspb__E=.png,
com.marotoweb.cajuscan_app,CajuScan,https://f-droid.org/repo/com.marotoweb.cajuscan_app/en-US/icon_xzYsUZaefFO1DXHwQbOiwKf0C7uXeiK-vlUi92m5250=.png,
com.trougnouf.cfait,Cfait,https://f-droid.org/repo/com.trougnouf.cfait/en-US/icon_hdNMiO51CtxeOJbf2fF1k__Xpapk8VRo-fLC7y5cGWo=.png,
com.emmanuelmess.deadlinesapp.free,Deadlines,https://f-droid.org/repo/com.emmanuelmess.deadlinesapp.free/en-US/icon_JjY3t_tRIc_qmVl3KjF2pVY3nEZlWifivSSGc6Hi2IM=.png,
ca.ramzan.delist,Delist,https://f-droid.org/repo/ca.ramzan.delist/en-US/icon_jMbTng_HXvixKtJA_UBBmw0Ffk61Ov0LyHWQ1qIXZzY=.png,
at.co.schwaerzler.maximilian.doit,Do It,https://f-droid.org/repo/at.co.schwaerzler.maximilian.doit/en-US/icon_Cn8vACMsSDUWSzlgIJh4O14_uvaRnq4JKUIPdVPAsKM=.png,
com.bigdadenergy39.DoTheThing,Do The Thing,https://f-droid.org/repo/icons/com.bigdadenergy39.DoTheThing.43.png,
com.addismaptransit.app,AddisMapTransit,https://f-droid.org/repo/com.addismaptransit.app/en-US/icon_rO2iNWYhnNyyj8eTs973RBDOPQFPLIzgLBeNcBXaass=.png,
org.github.nynosy.adiresy_mobile,Adiresy,https://f-droid.org/repo/org.github.nynosy.adiresy_mobile/en-US/icon_PzO2AEmimiN5nFTUJcd-PfsWp50B_gsWAq-lfa2HG9I=.png,
com.adresilo.android,Adresilo,https://f-droid.org/repo/com.adresilo.android/en-US/icon_--_W3QTS5Ff92Lg0ZBUsaODbIqVA59X2mqBNioDcx9I=.png,
com.opengps.altlocationservices,AltLocationServices,https://f-droid.org/repo/com.opengps.altlocationservices/en-US/icon_9Sg5cKvW2GWc_03hY4eO9mlV0G9cnmgCjxAlZwsLI08=.png,
at.h4x.amsprung,AmSprung,https://f-droid.org/repo/at.h4x.amsprung/en-US/icon_asVZJpE6zBKTDTWGGKb6qevgFosrwuF8Egyu0Md2j4Y=.png,
com.anchor.chain,Anchor Chain,https://f-droid.org/repo/icons/com.anchor.chain.1.png,
org.microg.nlp.backend.apple,Apple UnifiedNlp Backend,https://f-droid.org/repo/icons/org.microg.nlp.backend.apple.20043.png,
de.bahnvorhersage.app,Bahn-Vorhersage,https://f-droid.org/repo/de.bahnvorhersage.app/en-US/icon__2IcNqVW72YfHnIALdEQ7JGbMAb26LMurSMAsD1Fufk=.png,
fr.fdesousa.bikesharinghub,BikeSharingHub,https://f-droid.org/repo/fr.fdesousa.bikesharinghub/en-US/icon_LX0ri4HthjpMfJhKqGHdJPyzagZnpccfCEliDViN_6A=.png,
com.biketrackd.app,BikeTrackd,https://f-droid.org/repo/com.biketrackd.app/en-US/icon_zwEpnIOavoofPpkuMpErGLjQhRS6c6Uvj_-UQqDbwgk=.png,
xyz.apiote.bimba.czwek,Bimba,https://f-droid.org/repo/xyz.apiote.bimba.czwek/en-US/icon_oQF_a-cKJQnyRiYKl58DivGIOV7vaLeBc9O7wotxI7k=.png,
net.nhiroki.bluesquarespeedometer,Blue Square Speedometer,https://f-droid.org/repo/net.nhiroki.bluesquarespeedometer/en-US/icon_edH8w8Ifbam5ug3SWGL7U8fOkFw5j96Sg66TQKE4HEk=.png,
de.kewl.boatspeedy,BoatSpeedy,https://f-droid.org/repo/de.kewl.boatspeedy/en-US/icon_HVWPNemYByjV4oqgKNMsXdE0AWsBRVW0B90zkjrlses=.png,
btools.routingapp,BRouter,,
org.billthefarmer.buses,Buses,https://f-droid.org/repo/org.billthefarmer.buses/en/icon_7g65VX8ERHIdEKuc1mFBh56en4AkEd92JPYQqT7nkXo=.png,
it.reyboz.bustorino,BusTO,https://f-droid.org/repo/it.reyboz.bustorino/en-US/icon_7e3NYV9X_Ae1QqkO5nHvxIv7hNTTD7DazKlXsjQAGNs=.png,
fr.byped.bwarearea,BwareArea,https://f-droid.org/repo/icons/fr.byped.bwarearea.4.png,
de.c3nav.droid,c3nav,,
se.tube42.p9.android,9P,https://f-droid.org/repo/icons/se.tube42.p9.android.11.png,
com.peaceray.codeword,Code Word,https://f-droid.org/repo/com.peaceray.codeword/en-US/icon_T-jhFrs3mE-9A4gGY0IqvwnwfGXYcXWeVwchqup1utg=.png,
org.billthefarmer.crossword,Crossword,https://f-droid.org/repo/org.billthefarmer.crossword/en/icon_M-gITr8KzlxNMaPNiSdmmBkKaKweilTexzzcxJKFXx8=.png,
app.crossword.yourealwaysbe.forkyzscanner,Forkyz Scanner,https://f-droid.org/repo/app.crossword.yourealwaysbe.forkyzscanner/en-US/icon_opph0r2Y_YuMG6bjiblI_CrzgawLUzCl-W_iSebvNP8=.png,
dev.glyfen.app,Glyfen,,
ca.fuwafuwa.kaku,Kaku,,
com.oF2pks.adbungfu,ADBungFu,https://f-droid.org/repo/com.oF2pks.adbungfu/en-US/icon_t-ygWqcKlgfJAHaYx-VpjrbYEBEqkoHwj5FmNqLkw0M=.png,
dev.pranav.applock,App Lock,https://f-droid.org/repo/dev.pranav.applock/en-US/icon__MGAvBoF0Y6BypM8K8KEjwTFY7tCwOB7U7R0YUKs0SQ=.png,
com.roundsalmon4.appverifier,AppVerifier BG,https://f-droid.org/repo/com.roundsalmon4.appverifier/en-US/icon_kwGNJ3_HVj_0ywBmNYs8R8NADo7sHZzWxreCAUQpMf0=.png,
org.chickenhook.binderfuzzy,BinderFuzzy - Pentest Android Services,https://f-droid.org/repo/org.chickenhook.binderfuzzy/en-US/icon_GjWHRoIEbLu-IoV1ht1QAs4-JvaxVLnL4qxh4XyKb_I=.png,
com.msb.bluecheese,Bluecheese,https://f-droid.org/repo/com.msb.bluecheese/en-US/icon_tM-Vm92ZXlpUOeCE6a95YVDC6d67NLzU0U38s9seFS4=.png,
org.cleverfox.bluegate,BlueGate,https://f-droid.org/repo/org.cleverfox.bluegate/en-US/icon_GQgUXLNEHhzsJp34i0-Qnbmg9T8v_dq85OOGt66F9R8=.png,
org.osservatorionessuno.bugbane.beta,Bugbane Beta,https://f-droid.org/repo/org.osservatorionessuno.bugbane.beta/en-US/icon_1LA8Oi3fLUFUMl8fCGRP0N6rVs00bfJ9sP6d_7MVcBg=.png,
com.wangjinli.carvita,CarVita,https://f-droid.org/repo/com.wangjinli.carvita/en-US/icon_EDFqi91dZuGHdKghXDxTybZy-jMVciAw9Jo6SVk1T18=.jpg,
com.destructo.botox,CleanSlate,https://f-droid.org/repo/com.destructo.botox/en-US/icon_RgdYSvy9WkV4AQdjgXDHxXAQkjtDVGsxLLnsirK-ETc=.png,
io.gitlab.cryptographic_id,Cryptographic ID,https://f-droid.org/repo/io.gitlab.cryptographic_id/en-US/icon_W-QPVutIXiCK2Y1Zi87MPQe0eoAUXB9hYj3NBOD2KUI=.png,
com.personx.cryptx,CryptX,https://f-droid.org/repo/com.personx.cryptx/en-US/icon_TvmQteGfeCBOFUlA3yE94UOBHVPv2AxL2ZCr2Ui-etA=.png,
io.github.jqssun.airplay,AirPlay Server,https://f-droid.org/repo/io.github.jqssun.airplay/en-US/icon_HKaWMv5miYrvRWDc_bRk32HrdBiMKUa5gMB8Gpw4uc8=.png,
com.amaze.fileutilities,Amaze File Utilities,,
app.fedilab.castlab,CastLab,https://f-droid.org/repo/app.fedilab.castlab/en-US/icon_tD7ds1bZl4aiilQk_yY68x1t7gz3c9-DxHH1MWM4Sik=.png,
com.aurora.store,Aurora Store,https://f-droid.org/repo/com.aurora.store/en-US/icon_tbAhwq51NNd0liZcTg0cQNNvazxrWlj7bPCe_1TkCV8=.png,
com.looker.droidify,Droid-ify,https://f-droid.org/repo/com.looker.droidify/en-US/icon_lApsnfhrMqGkCaW-IdnYwx86CUjdTutncPvXPJythaM=.png,
org.fdroid.fdroid,F-Droid,https://f-droid.org/repo/org.fdroid.fdroid/en-US/icon_0slNR8J9edqDZDoyWABFZrqQONU9EyiNVwM6B3Jui_Q=.png,
com.saad_khan_rind.atmosphere_effect,Atmo Engine,https://f-droid.org/repo/com.saad_khan_rind.atmosphere_effect/en-US/icon_zn4JfT94J57Iy4F_OC1yqg_sCMK1yK63gA-bl1nncbE=.png,
dev.jaimin.auraorbit,AuraOrbit,https://f-droid.org/repo/dev.jaimin.auraorbit/en-US/icon_QYQvwdBYPgncBfSFCdm5f3soUV6q3E-bpxtTr7rXAwU=.png,
cxa.lineswallpaper,Blurred Lines,,
io.github.dergenaue.brownianparticles,Brownian Particles Live Wallpaper,https://f-droid.org/repo/io.github.dergenaue.brownianparticles/en-US/icon_4TxMT08svFHmG5MJWxh3NLyNQhda-ipFjKAOaCqv5Nc=.png,
com.example.forgottenumbrella.cardboardmuseum,Cardboard Museum,https://f-droid.org/repo/com.example.forgottenumbrella.cardboardmuseum/en-US/icon_HIOhvpYVm6e6Wj5zAro2VjcRA2nlDdvEmUCWMurjOVo=.png,
com.etb.filemanager,FileManagerSphere,https://f-droid.org/repo/com.etb.filemanager/en-US/icon_mrpBgbtplw_Jp3BTCmMdQYMS7WMljNXOyWrvw42rcqs=.png,
dev.bikram.filepipe.gh,FilePipe: Auto Files Organizer,https://f-droid.org/repo/dev.bikram.filepipe.gh/en-US/icon_4JCF3O02eJ7M19ytHwIVIPLpaJMpTt7FtxZytwqSfR8=.png,
com.documentsui.shortcut,Files,https://f-droid.org/repo/com.documentsui.shortcut/en-US/icon__BwSnxae_SfjO25LcSB_1lUpvozr142T-3RLioPXWGA=.png,
host.stjin.anonaddy,addy.io,https://f-droid.org/repo/host.stjin.anonaddy/en-US/icon_zTHt6vHUXRmBW7XkHuMUK2T01n5qM-hAo2veDvn9cNE=.png,
org.astermail.android,Aster Mail: Encrypted Email,https://f-droid.org/repo/org.astermail.android/en-US/icon_RaOE16H3tMafKyWugclN1Q8raGCd4jHOMI9Oy0N5Qxo=.png,
de.grobox.blitzmail,BlitzMail,https://f-droid.org/repo/icons/de.grobox.blitzmail.14.png,
com.towerillusion.abdal,Abstract Dots and Lines,https://f-droid.org/repo/com.towerillusion.abdal/en-US/icon_DaekbZ53_sEBUv9JbgyDa1HQ8UZxF3nuZdzoYm7yYZk=.png,
com.games.boardgames.aeonsend,Aeon's End,https://f-droid.org/repo/icons/com.games.boardgames.aeonsend.1.png,
com.bagaturchess,Bagatur Chess Engine,https://f-droid.org/repo/com.bagaturchess/en-US/icon_6R15yU-CbovvfOHzJOLetWjnS6AkhEC8ow087waJXvU=.png,
com.cocode.battleship,Battleship,https://f-droid.org/repo/icons/com.cocode.battleship.1000013.png,
org.secuso.privacyfriendlybattleship,Battleship Game (Privacy Friendly),https://f-droid.org/repo/org.secuso.privacyfriendlybattleship/en-US/icon_JBOD5LPXYDXuMwAOAbz-sXGWZOb7J6bIKYrfMTaebd0=.png,
com.vovagorodok.blichess,Blichess,https://f-droid.org/repo/com.vovagorodok.blichess/en-US/icon_6iIYbQWyrmxCogAR56IqKbg5LXzDsYzlcjEdd25zhjw=.png,
com.vovagorodok.blidraughts,Blidraughts,https://f-droid.org/repo/com.vovagorodok.blidraughts/en-US/icon_vWpPBfrt7eKTB-87F-DI84oXWGAdQBHWaoqaWrt4tYk=.png,
vadimerenkov.aucards,Aucards,https://f-droid.org/repo/vadimerenkov.aucards/en-US/icon_XgVxdV7mHqwo9YcVLI_slkMf1bWb6YzwEw4NYitK62E=.png,
com.benjaminwan.chinesettstflite,ChineseTtsTflite,,
com.reecedunn.espeak,eSpeak,https://f-droid.org/repo/com.reecedunn.espeak/en-US/icon_nh6d-032qM1ZM5iAJ4kxuxM-iidbMhvfxI_BLXEGdDY=.png,
com.goodecho.app,good-echo,https://f-droid.org/repo/com.goodecho.app/en-US/icon_gy3QX99zNW0Bxlw5BIx-QYD4LirAjmzRRKKMg46p9Qc=.png,
com.github.xiaoshihou.jiyi,Jiyi,https://f-droid.org/repo/com.github.xiaoshihou.jiyi/en-US/icon_9bNw344W7hc9jFc1Q3VZI1ZQqIILZHC9aiRAYGkv9a0=.png,
com.openrecorder.app,Open Recorder,https://f-droid.org/repo/com.openrecorder.app/en-US/icon_FP9PZgElsiGytJ-mF0piie7dPeJs1vB3TaCq6E59aL4=.png,
com.lun.chin.aicamera,AiCamera,https://f-droid.org/repo/icons/com.lun.chin.aicamera.1.png,
app.myzel394.alibi,Alibi,https://f-droid.org/repo/app.myzel394.alibi/en-US/icon_g-3seR8BJesN3Bdli3Qk1XgYFAzuf_e4NlFNGBz_3Lc=.png,
com.github.digitallyrefined.androidipcamera,Android IP Camera,https://f-droid.org/repo/com.github.digitallyrefined.androidipcamera/en-US/icon_5E2tMfyZbrrtmWaVR-J3ZrPeWmsBA4qN9C7rXhrA3uM=.png,
org.jshobbysoft.cameraalign,CameraAlign,https://f-droid.org/repo/org.jshobbysoft.cameraalign/en-US/icon_VmTDaHLZi2CkYzt3LaDK-KXJCOAxLPwcRPIu8VFXKr0=.png,
org.cimbar.camerafilecopy,CameraFileCopy,https://f-droid.org/repo/org.cimbar.camerafilecopy/en-US/icon_EYRhWlCO3t2r4ApZdJF3rz-ds2mRLQcM8OppQn2GXlY=.png,
com.vladpen.cams,Cams,https://f-droid.org/repo/com.vladpen.cams/en-US/icon_g0DVSgMWOZXCm9FJt0IPGC33XA2aJj7gMmNp2XkzSW4=.png,
com.chatroom.app,Chat Room,https://f-droid.org/repo/icons/com.chatroom.app.202.png,
io.github.koukobin.ermis.ermismobile,Ermis,https://f-droid.org/repo/io.github.koukobin.ermis.ermismobile/en-US/icon_XG2qTFThhbcrhJXXdTj5kbMp4MAw65mOfvpY6mga150=.png,
com.kryptos.android,Kryptos,https://f-droid.org/repo/com.kryptos.android/en-US/icon_6R-qRbAEhtCl_lSSh3pZ-1UiJa69BtUe9xPFmEpnIIE=.png,
ch.bailu.aat,AAT Another Activity Tracker,https://f-droid.org/repo/ch.bailu.aat/en-US/icon_FlR122fMcci5gNEVKTNtTvn981ju2yIUjAUZ1MKI_iA=.png,
com.Colota,Colota - GPS Location Tracker,https://f-droid.org/repo/com.Colota/en-US/icon_IXf2756m6q4wbivTHydM7qOBkrCqPwnRELoFDoZQNFs=.png,
com.sunstep.travel.foss,Dawarich (Community),https://f-droid.org/repo/com.sunstep.travel.foss/en-US/icon_EOBoYtZEo8jCXhQYHnHq5qfYBQIG9ZPJSCeu2i6tscg=.png,
fr.sudotiz.duper,Duper,,
com.roufsyed.onekey,1Key Password Manager,https://f-droid.org/repo/com.roufsyed.onekey/en-US/icon_7Oq_UnE5rGthf-UdC05ENbWiZZe00b9J8cKU2qrdVMQ=.png,
com.codedead.advancedpassgen,Advanced PassGen,https://f-droid.org/repo/com.codedead.advancedpassgen/en-US/icon_d7BWfksyupYJBb1_PP4TUQHon4TzMG8wBFJJ3P3rSEA=.png,
com.beemdevelopment.aegis,Aegis Authenticator,https://f-droid.org/repo/com.beemdevelopment.aegis/en-US/icon_C951ZFTL5UuK5VK6KaIOnVy5NNb0Wqe8asl4v1fSXLI=.png,
com.aipos.aipospm,AIPOS Password Manager,https://f-droid.org/repo/com.aipos.aipospm/en-US/icon_jSBzWwq0cGhY1n13-neFxNdULEBUCAJ2RdYDCyC8A8E=.png,
net.aliasvault.app,AliasVault,https://f-droid.org/repo/net.aliasvault.app/en-US/icon_1QZ6JKPj5E4dee3yTX4opfpZJxH4sd3I1omhfRDlljo=.png,
de.jepfa.yapm,ANOTHERpass,https://f-droid.org/repo/de.jepfa.yapm/en-US/icon_dQvs9YCijnoeEoYqDBu28p8eKtWHmTYp4FqJg_Z1ju4=.png,
uk.co.bitethebullet.android.token,Auth Token,https://f-droid.org/repo/icons/uk.co.bitethebullet.android.token.6.png,
pl.lebihan.authnkey,Authnkey,https://f-droid.org/repo/pl.lebihan.authnkey/en-US/icon_E2tYrUiyXEGLo-_sSocG9khWSPN4f_eWlOrZwAk8t6w=.png,
com.lolo.io.onelist,"1List - Simple Lists for TODO, Shopping, Movies...",https://f-droid.org/repo/com.lolo.io.onelist/en-US/icon__kpESWnA0ENmFqdYmrHELkCQXGKXrBmhPu2aXzSpoDY=.png,
com.github.sourzo.a_rithist,a-rithist,https://f-droid.org/repo/com.github.sourzo.a_rithist/en-US/icon_VW0LddM_4G71BehMm2NL4WpFGq_UipEVQhyIHb4aaLc=.png,
de.HS_Aalen.don,Aalener Optik-Formelrechner,https://f-droid.org/repo/de.HS_Aalen.don/en-US/icon_XN4mupVPecNz7tlepwng-VS9s6FGMKvQh7gQEGC5OAA=.png,
com.codedead.advancedportchecker,Advanced PortChecker,https://f-droid.org/repo/com.codedead.advancedportchecker/en-US/icon_T86ka6QcM5sfiAZNdXAB4RK7ScXNFnTQKbA8x5b681I=.png,
in.digistorm.aksharam,aksharam,https://f-droid.org/repo/in.digistorm.aksharam/en-US/icon_YMKXTpUp9MZZqoK7UrCq1v-ULn6zvM1hMtWdsLeMtkg=.png,
io.krmanik.ankiimageocclusion,Anki Image Occlusion,https://f-droid.org/repo/io.krmanik.ankiimageocclusion/en-US/icon_4gp2UAADFcCDUYGY9Zzffyom-6nodKxOwuiXfYP_PLw=.png,
com.ichi2.anki,AnkiDroid: Flashcards,https://f-droid.org/repo/com.ichi2.anki/en-US/icon_VE0ysf8rdK-8bnOG2EmdljR6CgRc0tru3v1tCFCTy0c=.png,
com.jkcarino.ankieditor,AnkiEditor,https://f-droid.org/repo/icons/com.jkcarino.ankieditor.9.png,
org.liberty.android.fantastischmemo,AnyMemo,https://f-droid.org/repo/org.liberty.android.fantastischmemo/en-US/icon_x3bKNONp3HD5KOycHgDMs02WLyMy2neL0UpX6pGSXFQ=.png,
org.tamanegi.atmosphere,AtmosphereLogger,https://f-droid.org/repo/icons/org.tamanegi.atmosphere.9.png,
de.hexenwoche.audiolex,AudioLex,https://f-droid.org/repo/de.hexenwoche.audiolex/en-US/icon_k5Dn9TWqrpn2AsLg03r8G6W8qpDKOiqqebwL20z15_g=.png,
fr.hnit.babyname,Baby Name,https://f-droid.org/repo/fr.hnit.babyname/en-US/icon_4Ko15QMMADqWP80lHVrZRciT8vDWTjiQFtjT0uFv0qk=.png,
com.debojitsantra.backlogtracker,Backlog Tracker,https://f-droid.org/repo/com.debojitsantra.backlogtracker/en-US/icon_SuuXXzzyD9R5FGfWRJFhcxR92fu0kv0VHEnFMRDSoXc=.png,
org.eukalyptus.balance,Balance,https://f-droid.org/repo/org.eukalyptus.balance/en-US/icon_5fhqRN8lYhC3FETYLSAjSnAvMVYqfL9_848X2-jXlfc=.png,
de.katzenmue.birdipedia,Birdipedia,https://f-droid.org/repo/de.katzenmue.birdipedia/en-US/icon_fQujImgjjEO3A4uXbZHBhMpkc2l54ghTXNo6qRpLzMU=.png,
org.blitzortung.android.app,Blitzortung Lightning Monitor,https://f-droid.org/repo/org.blitzortung.android.app/en-US/icon_ZbBkpE2QCCKvKiyEUE0RAsIhbVs32DSXveAUlIGsVQw=.png,
net.nhiroki.bluelinesolarinfo,Blue Line Solar Info,https://f-droid.org/repo/net.nhiroki.bluelinesolarinfo/en-US/icon_w1QCQB52JR34-tk6jI5tLUkcgQyAhP-x3CUR2xXdJVo=.png,
edu.berkeley.boinc,BOINC,https://f-droid.org/repo/edu.berkeley.boinc/en-US/icon_52N888T34OwlW5QuK-jlCXmtArpER__bLL-hbXXHKVE=.png,
org.woheller69.level,Bubble,https://f-droid.org/repo/org.woheller69.level/en-US/icon_qdaodZGMhv0yefCJPnfxpKoIR9zwO8iO_jasafDMBXM=.png,
org.c_base.c_beam,c-beam,https://f-droid.org/repo/icons/org.c_base.c_beam.38.png,
com.gurkenwerfer.calyx,Calyx - Grow Tracker,https://f-droid.org/repo/com.gurkenwerfer.calyx/en-US/icon_ZBCE6iDx6ecgHekG0LBXh-4WBuzFSNZG-MIljI2ANHM=.png,
space.celestia.mobilecelestia,Celestia,https://f-droid.org/repo/space.celestia.mobilecelestia/en-US/icon_Ejxo2tkzpuvTZOmp_F9QCbxFzF5m16r-bhI7YO-qANY=.png,
com.github.cetoolbox,CEToolbox,,
com.furthersecrets.chemsearch,ChemSearch,https://f-droid.org/repo/icons/com.furthersecrets.chemsearch.11400.png,
com.mehrphilalethes.claytablet,Clay Tablet,https://f-droid.org/repo/com.mehrphilalethes.claytablet/en-US/icon_hmveolqO_vlm0bZhCGotrNesZJjuFrIUhZdqBDQ10Bw=.png,
de.jepfa.bdt,Break.Down.Timer,https://f-droid.org/repo/de.jepfa.bdt/en-US/icon_9n1mfbLQs767ZxjIMPCLif1TjqJmmHgW1JImO_tBWi0=.png,
com.hackerapps.c2k,C2K — Couch to 5K & 10K,https://f-droid.org/repo/com.hackerapps.c2k/en-US/icon_0KGzXaVOC7pETHp_s-fYjlZOgpyb2Xg1wGQXv6NEKvk=.png,
com.jmstudios.chibe,Chibe,,
com.acutis.firewall,Acutis Firewall,https://f-droid.org/repo/com.acutis.firewall/en-US/icon_LZbsaBKi1Z2i-ERfTZVFTYzOTu9jJufsHnpIxLeyd9M=.png,
com.adguard.android.contentblocker,AdGuard Content Blocker,,
dev.ukanth.ufirewall,AFWall+,https://f-droid.org/repo/icons/dev.ukanth.ufirewall.20260801.png,
com.activitymanager,Activity Manager,https://f-droid.org/repo/com.activitymanager/en-US/icon_L4mZGIs6T8XSw_YBg-yj9F8GCtPT-EPg72RWrKGJESs=.png,
deltazero.amarok.foss,Amarok,https://f-droid.org/repo/deltazero.amarok.foss/en-US/icon_nyBsozCF19DxPPeK3OSO-Aqw9qsckNSMymntDVZ-5-4=.png,
com.amaze.filemanager,Amaze File Manager,https://f-droid.org/repo/com.amaze.filemanager/en-US/icon_i3rTEKkXiH92mYX6P1GxarVBABrjy-ROmWeb5h0XEFQ=.png,
in.arjsna.permissionchecker,Android Permissions,https://f-droid.org/repo/icons/in.arjsna.permissionchecker.5.png,
io.github.muntashirakon.AppManager,App Manager,https://f-droid.org/repo/io.github.muntashirakon.AppManager/en-US/icon_0Na4ecQZhaD_xCtbJ9rEhuaUfjlqhu70S_-PiBGlIes=.png,
itkach.aard2,Aard 2,,
com.tughi.aggregator,Aggregator,https://f-droid.org/repo/com.tughi.aggregator/en-US/icon_f9vXPzgTq36bXPT1W3Z16NPr3NBOJ_8OKO0YbrN3pIs=.png,
com.hassaneltantawy.alazkar,Al-Azkar,https://f-droid.org/repo/com.hassaneltantawy.alazkar/en-US/icon_hIZoHFNB2FnzRZTJ2bt6ZFEDOawPvkJTtj8r8mdf-Bo=.png,
com.github.meypod.al_quran,Al-Quran - Simple,https://f-droid.org/repo/com.github.meypod.al_quran/en-US/icon_gvbJ7wNF6o_lLoku5gdsCcxofoVPrgOY_Slc-jGr070=.png,
net.bible.android.activity,AndBible: Bible Study,https://f-droid.org/repo/net.bible.android.activity/en-US/icon_DzBmI8-icXzlE89WshCn5NcGi2A0hpya9bKn_eff_ps=.png,
com.gbeatty.arxiv,arXiv eXplorer - Mobile App for arXiv.org,https://f-droid.org/repo/icons/com.gbeatty.arxiv.39.png,
com.serwylo.babybook,Baby Books,https://f-droid.org/repo/com.serwylo.babybook/en-US/icon_qp6bw-0AdivPTnll9s_vnK3aV7R3CrvfpHQjWeog1rA=.png,
com.timenotclocks.bookcase,Badreads,,
com.wirelessalien.android.bhagavadgita,Bhagavad Gita,https://f-droid.org/repo/com.wirelessalien.android.bhagavadgita/en-US/icon_EmnLdCwsMFUiz_9BFbuyNHJwMTD-S2tzwlfegEGqs4c=.png,
de.bernd.bikalo,Bibel-Kapitel-Losung,https://f-droid.org/repo/de.bernd.bikalo/en-US/icon_pl5pAR2DWNpA-5LJzLVHXYjh1rmRyafaJB0RnFdHwLw=.png,
com.correctsyntax.biblenotify,Bible Notify,https://f-droid.org/repo/com.correctsyntax.biblenotify/en-US/icon_ztcgTlrDfshA_A8q71FC0ntJpVHS423uGJG_bq1rPm8=.png,
org.bibledit.android,Bibledit,https://f-droid.org/repo/org.bibledit.android/en-US/icon_VOeTw81k4O1zUIGK5Tu4pWvh1tHRa3HqElx3LDFpYsM=.png,
com.bibleside.bibleside,Bibleside,https://f-droid.org/repo/com.bibleside.bibleside/en-US/icon_3N8iVvWK_UJ5RkY1FBj01OsYx3kn8FtYQyIwQcILR0s=.png,
com.pep1lo.bakerspercentagecalculator,Baker's Percentage Calculator,https://f-droid.org/repo/com.pep1lo.bakerspercentagecalculator/en-US/icon_NeZ454seQa26B7OjZ4SVLi5RnXE_IuSOnI_HZE2Tcys=.png,
com.flauschcode.broccoli,Broccoli: The Green Recipe App,https://f-droid.org/repo/com.flauschcode.broccoli/en-US/icon_UrBWueXzizLkaHAjEcR4Gf1vtehglZBdV9cdF6uFMnQ=.png,
com.vishnuraghav.EnRecipes,EnRecipes,https://f-droid.org/repo/com.vishnuraghav.EnRecipes/en-US/icon_05k-MNhaLX0CMFXLkPgicmtA9MJ8g80EJUkY6bsYkq8=.png,
org.nuclearfog.apollo,Apollo,https://f-droid.org/repo/org.nuclearfog.apollo/en-US/icon_32UurzDDqBE2bBc7G_NlLE41OV61yObLwuKeuDcWWS8=.png,
org.oxycblt.auxio,Auxio,https://f-droid.org/repo/org.oxycblt.auxio/en-US/icon_aInSctATMNrr9-2-cNSj0tVsio4GDJ_dzA4ItxWQ-Fs=.png,
com.mardous.booming,Booming Music,https://f-droid.org/repo/com.mardous.booming/en-US/icon_FT8onlalmK_f-Y_Cgc134QYSg5SX_EMR_5pOx6W-A-M=.png,
com.sosauce.cutemusic,Chocola,https://f-droid.org/repo/com.sosauce.cutemusic/en-US/icon_ZQAWoX_Qglc6u8fQXCAunEe8oOqKY8QTQPbXl_vw96U=.png,
de.kromke.andreas.mediascanner,Classical Music Scanner,https://f-droid.org/repo/de.kromke.andreas.mediascanner/en-US/icon_k6o8nDhB1ZA7RPfp5ttqvmSQ8hmNEXNOsJ3C1-KrDH4=.png,
de.kromke.andreas.musictagger,Classical Music Tagger,https://f-droid.org/repo/de.kromke.andreas.musictagger/en-US/icon_0_Iy252zie-Ae1Q4JGqicxt0p8uewD_lY-cLaRB7SLQ=.png,
com.adeeteya.classipod,ClassiPod,https://f-droid.org/repo/com.adeeteya.classipod/en-US/icon_1h4L7Oia4B2RhjEuhp17gc3FFpJ7NxUGox-r6yuBQ7w=.png,
net.pgaskin.cmus.android,cmus music player (android),https://f-droid.org/repo/net.pgaskin.cmus.android/en-US/icon_c1LhCtOBZTlU18FWNvnulFDb26otcOgy65PKRsTT34E=.png,
com.kanedias.vanilla.coverfetch,Cover Fetcher,https://f-droid.org/repo/icons/com.kanedias.vanilla.coverfetch.17.png,
org.blackcandy.androidApp,BlackCandy,https://f-droid.org/repo/org.blackcandy.androidApp/en-US/icon_5IpdmBdkZwfEfb4XO5XX7nf6TS-pMgh6wDHW-mdCL3c=.png,
com.craftworks.music,Chora,https://f-droid.org/repo/com.craftworks.music/en-US/icon_Vmw98A2W2eRGLnKLOuU85ObAOA2P2JxYytLPkhlseDk=.png,
com.matelsky.coppelia,Coppelia,https://f-droid.org/repo/icons/com.matelsky.coppelia.223.png,
info.metadude.android.congress.schedule,39C3 Schedule,https://f-droid.org/repo/icons/info.metadude.android.congress.schedule.121.png,
info.metadude.android.bitsundbaeume.schedule,Bits & Bäume 2022 Schedule,,
info.metadude.android.cccamp.schedule,Camp 2023,,
info.metadude.android.clt.schedule,CLT 2026 Schedule,,
com.theworld.help.cbtandroid,CBTAndroid,https://f-droid.org/repo/icons/com.theworld.help.cbtandroid.4.png,
com.demizo.daily_you,Daily You,https://f-droid.org/repo/com.demizo.daily_you/en-US/icon_7pkoQ2_NckYBwppI3bJlHaIjmsx8njFxzfWGdyJcSOQ=.png,
com.z3itt.feels,FeelS,https://f-droid.org/repo/com.z3itt.feels/en-US/icon_RHhCey_-W_rh1-5srpRwXMeDq4lsx3Vtu28mcCdjmG8=.png,
de.rainerhock.eightbitwonders,8-Bit Wonders,https://f-droid.org/repo/de.rainerhock.eightbitwonders/en-US/icon_YYUAR0HYx352Cxqpv3C_1-AyefPCH-N58FrtUheVXyQ=.png,
net.alexbarry.alexgames,AlexGames,https://f-droid.org/repo/net.alexbarry.alexgames/en-US/icon_9R5EKbKznkYsOfkS_GkXYQYVs3N5Y7d3X5lEvUdjoVU=.png,
org.dolphinemu.dolphinemu,Dolphin Emulator,,
com.kanedias.archforums,Archlinux Forums,https://f-droid.org/repo/com.kanedias.archforums/en-US/icon_UJ-FSqubhe6QI1QOog-dqsTReBhemnTitLr-oOnuoY0=.png,
com.czy0729.bangumi,Bangumi,,
org.bienvenidoainternet.app,Bienvenido a Internet,https://f-droid.org/repo/icons/org.bienvenidoainternet.app.13.png,
xyz.blorpblorp.app,Blorp,https://f-droid.org/repo/xyz.blorpblorp.app/en-US/icon_IulhGpEOc3vi5bgqnEP0hW-_k9TddEpawNVtymrT3lg=.png,
org99managers.futsal_edition,99Managers Futsal Edition,https://f-droid.org/repo/org99managers.futsal_edition/en-US/icon_uSxdGiKKy1W4DJ5GosVIJwnaWAbQVDVVLKI5D-kWFu4=.png,
org.asafonov.accelerace,Accelerrace,https://f-droid.org/repo/org.asafonov.accelerace/en-US/icon_1-JUBIKVt1qCmwSzok5zi_dszHsq44jBkD09sby5y8I=.png,
com.flyboybyte.dragtree,DragTree,https://f-droid.org/repo/com.flyboybyte.dragtree/en-US/icon_5XjynbV47jVhGTHtCK0VymL4FTDIJpl18iGCyncWuRA=.png,
ru.ikkui.achie,Achie,https://f-droid.org/repo/ru.ikkui.achie/en-US/icon_gcqikwwx81QCZtQK8vb1dxqD-AVPtiX6Xzk1zoSbWSc=.png,
net.activitywatch.android,ActivityWatch,https://f-droid.org/repo/net.activitywatch.android/en-US/icon_WEQpOWkwgQyifxt-xagtcn-riQFoqhUVDz-4c3akMWE=.png,
org.wentura.getflow,GetFlow,https://f-droid.org/repo/org.wentura.getflow/en-US/icon_3fBq70zaUDwNhW6kMUp7xWKPjRl2Kg6WTa_O-WYB3DQ=.png,
io.github.nvlad1.function3danimator,3D Geometry Animation,https://f-droid.org/repo/io.github.nvlad1.function3danimator/en-US/icon_KLb1TpvkepIzAC8v-EpKkhSFKOJ2-sVN4XL_n8eAIGo=.png,
org.andresoviedo.dddmodel2,3D Model Viewer,https://f-droid.org/repo/org.andresoviedo.dddmodel2/en-US/icon_fEDlCzhxJfwZWsqn_2l-Drm3Rf6k-Fd_5Mnt8-J3c_s=.png,
se.constructions.andraw,AnDraw,https://f-droid.org/repo/se.constructions.andraw/en-US/icon_y0s0m8409WblwsWiSmJNSvEvMrk3yutRt0NL8-kewbc=.png,
de.cryptobitch.muelli.barcodegen,Barcodegen,https://f-droid.org/repo/icons/de.cryptobitch.muelli.barcodegen.2.png,
de.k3b.android.camerafolder,Camera Folder,,
uk.org.retallack.claymodeler,ClayModeller,https://f-droid.org/repo/uk.org.retallack.claymodeler/en-US/icon_GkWmKbRMOgw9UGZOxjp-U1cNzU-7q4WgfluTBJd5Bbs=.png,
sh.hnet.comfychair,ComfyChair,https://f-droid.org/repo/sh.hnet.comfychair/en-US/icon_tOsjaPHSAscTXE_2zSJ9EAEi8C5riiftulkWvduSevw=.png,
com.terokarvinen.x54ask,0x54ask,https://f-droid.org/repo/com.terokarvinen.x54ask/en-US/icon_FOzSYq6etfsaWRiMc7bx-8vLVKtsug1dmhT9NvxRj9w=.png,
vadimerenkov.autasker,Autasker,https://f-droid.org/repo/vadimerenkov.autasker/en-US/icon_eNT9mxRZ4LlHFPqMdsGqV4xIatlPDK2CndkojnVPrgI=.png,
im.axi.axichat,Axichat,https://f-droid.org/repo/im.axi.axichat/en-US/icon_EN-vbVNtRw-qNhUrTG3pKSj61l1sUQn0b7gSQtSMKME=.png,
com.minar.birday,Birday - Birthday Manager,https://f-droid.org/repo/com.minar.birday/en-US/icon_9dUPtWnTfw6DIgLXF5NWD3F7npS89-CJ7N_sIdwZ0oo=.png,
org.birthdayadapter,Birthday Adapter,https://f-droid.org/repo/org.birthdayadapter/en-US/icon_v22IS7QEMLeIODqeow67qYFfjn7wmu7Kj10OLP9F9VY=.png,
saschpe.contactevents,Birthday Calendar,https://f-droid.org/repo/icons/saschpe.contactevents.160179.png,
de.drmaxnix.birthdaycountdown,Birthday Countdown,https://f-droid.org/repo/de.drmaxnix.birthdaycountdown/en-US/icon_TxGNjLWY7FKXwwAFEV8bHHgRjt4kY6tO3Ey__VFQx5M=.png,
com.tmendes.birthdaydroid,BirthDayDroid,https://f-droid.org/repo/com.tmendes.birthdaydroid/en-US/icon_iz3RTlToN2Kj8XFvDsKvY9PtVSEDBs1JLdOC29fMrD4=.png,
de.k3b.android.calef,CalEF (Calendar Entry Formatter),,
com.dasp.worldcup2026,2026 Football Fixtures Widget,,
ru.ifproject.android.afr,AFReplacer,https://f-droid.org/repo/icons/ru.ifproject.android.afr.14.png,
org.secuso.aktivpause,Aktivpause to Go,https://f-droid.org/repo/org.secuso.aktivpause/en-US/icon_rXnkpSeqRhGFzey64dA8iwb7HadkkaJ_dTzeyPFTfx0=.png,
de.neuwirthinformatik.alexander.archerystats,ArcheryStats,https://f-droid.org/repo/de.neuwirthinformatik.alexander.archerystats/en-US/icon_VBBGDrMR-bsMp2ruK-RUbSJY8R6-Vi_UjDRmkwCiNRA=.png,
de.beocode.bestbefore,Best-Before,https://f-droid.org/repo/de.beocode.bestbefore/en-US/icon_-mnfJyfqxy6IA1aGhQTmOAgn8t4JokGWAWrQSoSHAj0=.png,
es.jjrh.bikeradar,Bike Radar,https://f-droid.org/repo/es.jjrh.bikeradar/en-US/icon_OiDeb3dTLRIHIenTcbP0xSxWX_1R9DRlEfEgNFQ7-Js=.png,
com.baldo.bob,BoB,https://f-droid.org/repo/com.baldo.bob/en-US/icon_8knaF6khsay7IgIU4m4pMTVjZrCZEKbAQpvH6Weju-A=.png,
com.matt.bolton,BoltOn,https://f-droid.org/repo/com.matt.bolton/en-US/icon_SrHy9eo0Kduj-XnqlTtK0XfsDk-lIQ575clYHYtlOBw=.png,
com.razielo.boutscoring,BoutScoring,https://f-droid.org/repo/com.razielo.boutscoring/en-US/icon_Lgr7Wn65nymCKab9W_SUa51eNag2UwgWbRYmngh_39c=.png,
com.antoinelabpixel.boxingclock,BoxingClock,https://f-droid.org/repo/com.antoinelabpixel.boxingclock/en-US/icon_m0W2WFbODl04_29l7zCXSl5D5KRFeg4CvUy3WzE2ENs=.png,
com.uc.caffeine,Caffeine Health,https://f-droid.org/repo/com.uc.caffeine/en-US/icon_WcELiKWOUmYIAamcCOi7Xg0vlYeOhIsVQkeRjc7R9jU=.png,
com.luminaapps.cairn,Cairn: Health Aggregator,https://f-droid.org/repo/icons/com.luminaapps.cairn.93.png,
io.github.gonbei774.calisthenicsmemory,Calisthenics Memory,https://f-droid.org/repo/io.github.gonbei774.calisthenicsmemory/en-US/icon_ZrTKVcu0kEjD6pFP0st4cu-0J69jRUJX_XED5ysVirw=.png,
de.bloosberg.basti.childresuscalc,Child Resus Calc,https://f-droid.org/repo/de.bloosberg.basti.childresuscalc/en-GB/icon_mnAshvUW9MZXwBhLX_9IaGpJ9EEic3icVON9Psh8IA4=.png,
br.com.gualandi.dailypill,Daily Pill — Medication Reminder,https://f-droid.org/repo/br.com.gualandi.dailypill/en-US/icon_j7ZIpvRfGStylJtFr9myoEP3k3NuvteDo5jFK3sRWmI=.png,
org.epstudios.epmobile,EP Mobile,https://f-droid.org/repo/icons/org.epstudios.epmobile.95.png,
dev.lonami.klooni,1010! Klooni,https://f-droid.org/repo/icons/dev.lonami.klooni.860.png,
org.secuso.privacyfriendly2048,2048 (Privacy Friendly),https://f-droid.org/repo/org.secuso.privacyfriendly2048/en-US/icon__EtkwPp725lQQYnzjkzDUiOqD2X5nnY1CiZSIYN9TVU=.png,
org.andstatus.game2048,2048 Open Fun Game,https://f-droid.org/repo/org.andstatus.game2048/en-US/icon_ROdCNp8h4h-a6RUftcVBVybdLCVX0yPsdXq0dAO-s_s=.png,
org.mattvchandler.a2050,2050,https://f-droid.org/repo/org.mattvchandler.a2050/en-US/icon_3BMQD76YZDYHbtVP8WR8CTKi6E7pd6L82YveKdLHjR4=.png,
io.github.divverent.aaaaxy,AAAAXY,https://f-droid.org/repo/io.github.divverent.aaaaxy/en-US/icon_IiJIuL3miR9bX69kBuxXX96J-9-5u-fahnIiInZYJI0=.png,
com.ahorcado,Ahorcado,https://f-droid.org/repo/com.ahorcado/en-US/icon_2YXgqRfNUteeP1IgbppYvXWIxU2jW65w2rgeUT_wlKU=.png,
com.sidhant.binarypuzzle,Binary Puzzle,https://f-droid.org/repo/com.sidhant.binarypuzzle/en-US/icon_QREupJEsiXpNWhQcq8aypztNxgUIPS55qD2Xlv7BrFg=.png,
com.sidhant.blockblast,Block Blast,https://f-droid.org/repo/com.sidhant.blockblast/en-US/icon_ErnVOVzhBJvc_IBqNUUCtNRbR5xlU0JN8SdMqC97igQ=.png,
de.mwvb.blockpuzzle,Block Puzzle Stone Wars,https://f-droid.org/repo/de.mwvb.blockpuzzle/en-US/icon_FBsl1goJhT_C09MURcrfsXkpu1gK8ik7MnS8rjhW1Hk=.png,
com.blockdrop.game,BlockDrop: Block Puzzle,https://f-droid.org/repo/com.blockdrop.game/en-US/icon_R7byf9tq_bbXkI9cIvjnnyTqL-olhrG2QdyCOVb1YzE=.png,
net.artificialworlds.boxstacker,Box Stacker,https://f-droid.org/repo/net.artificialworlds.boxstacker/en-US/icon_cMZ1wh0R-GrNMCzE3HV49cPUtBjr_ZkXdZi3PkotepE=.png,
com.dfzlv.gjjlt.caramelos,Caramelos,https://f-droid.org/repo/icons/com.dfzlv.gjjlt.caramelos.7.png,
com.github.meypod.al_azan,Al-Azan - Prayer Times,https://f-droid.org/repo/com.github.meypod.al_azan/en-US/icon_2xmGI8kq3HziUMYir0DjZR_e7D9AK5Nhha34SeXA1j8=.png,
com.quran.aya,"Aya: Quran, Hadith & Prayer Times",https://f-droid.org/repo/com.quran.aya/en-US/icon_LKYoPU0SmQeyLN8ux64R2Leh7gBUcTSszrQ-czPFLio=.png,
com.daklok.biblelockscreen,Bible Lock Screen,https://f-droid.org/repo/com.daklok.biblelockscreen/en-US/icon_MNxHaeu5xLhAv48-pqN8Apx2WTipqpvbl_qbY8hQgWM=.png,
com.github.ashutoshgngwr.tenbitclockwidget,10-bit Clock Widget,https://f-droid.org/repo/com.github.ashutoshgngwr.tenbitclockwidget/en-US/icon_TrUyJLRoXZGniCc2uQM3OnsVmlOokr_KZk0ZQaPrtjY=.png,
io.github.aoc_normal,Always On Clock,https://f-droid.org/repo/io.github.aoc_normal/en-US/icon_fEvVLhbfG7f3FJ5aqBp_RUpPfCQS9bA4M6FkLwKkG6s=.png,
eu.nemui.ailin.uclock,Analog Clock Widget,https://f-droid.org/repo/eu.nemui.ailin.uclock/en-US/icon_sJjLp_9JD_3KFVyG6u6Mf1wh5aHE547FzRS80MB_Y3Q=.png,
org.yuttadhammo.BodhiTimer,Bodhi Timer,,
com.mmazzarolo.breathly,Breathly,https://f-droid.org/repo/icons/com.mmazzarolo.breathly.3145750.png,
com.jithware.brethap,Brethap,https://f-droid.org/repo/com.jithware.brethap/en-US/icon_YUG7fh37oy5VLB19N5z373xOkwmlAFfGF0TEx0hTupg=.png,
ir.hsn6.tpb,2 Player Battle,,
ch.logixisland.anuto,Anuto TD,,
com.agateau.burgerparty,Burger Party,https://f-droid.org/repo/com.agateau.burgerparty/en-US/icon_dkWWk2todHl2AeDml1z-Sc2Iu4RJF0lXIUDT8LjHCLk=.png,
mattecarra.accapp,Advanced Charging Controller (ACCA) ,https://f-droid.org/repo/mattecarra.accapp/en-US/icon_xGo0woj861vsFToZK6pvrsPjfxQs0Laojv4m7JDKBdM=.png,
codes.swistak.batterymonitor,Battery Monitor,https://f-droid.org/repo/codes.swistak.batterymonitor/en-US/icon_cE3MmhWsVh-VeNQQvv6tgVFb24oASyroUQi3xFs_r2k=.png,
com.ominous.batterynotification,Battery Notification,https://f-droid.org/repo/com.ominous.batterynotification/en-US/icon_LPuQg1fuedsPxpnCHb7OD6Rr-yz8kaRYFacKUeAwjiM=.png,
com.fontstylr,FontStylr,https://f-droid.org/repo/com.fontstylr/en-US/icon_uKSYRJMQ2B7Xw93mPrCUPRGDj0Iu6EJz1DaYKdJuUlk=.png,
com.vayunmathur.office,MA Office,https://f-droid.org/repo/com.vayunmathur.office/en-US/icon_YBmXgPP7ghlp3sX5I1x--51hXf9Ra8APVnXyKsM8Qpw=.png,
com.adeeteya.markdown_editor,Markdown Editor,https://f-droid.org/repo/com.adeeteya.markdown_editor/en-US/icon_FlkxEmQc_uTdK3-bYd2WokCSO2Dngc7SiAkEwUi6mxE=.png,
com.github.m374lx.alexvsbus,Alex vs Bus: The Race,https://f-droid.org/repo/com.github.m374lx.alexvsbus/en-US/icon_XtygeN7jGzsg0LZ4Kh6bqTNM7g-aKTjK1VI2NYkRh5I=.png,
x653.all_in_gold,All In Gold,https://f-droid.org/repo/x653.all_in_gold/en-US/icon_0Zb7ymS3RKTpeGpzp5BwMf8dSYwP72raEfqSnKtBNfQ=.png,
com.game.asteroids_revenge,Asteroid's Revenge,https://f-droid.org/repo/com.game.asteroids_revenge/en-US/icon_WSTO3sD5p5YqIA_I-yfluQsBroCqaP6EOsZPIcFeQaY=.png,
com.astroloop.game,Astro Loop,https://f-droid.org/repo/com.astroloop.game/en-US/icon_ecMmFBKEJ5XSUEc078a3P1zcQ3QIwRfBOwfJcEGhv-A=.png,
com.jeffliu.balancetheball,Balance the Ball,https://f-droid.org/repo/com.jeffliu.balancetheball/en-US/icon_4QSXcjrgpM65CixcaafBlBRXcgEnySU-oFjC3DxVmeg=.png,
net.alexbarry.calc_android,AlexCalc,https://f-droid.org/repo/net.alexbarry.calc_android/en-US/icon_vP0BvHeqchBW8T9TgUQ-gnh4O7uBdGwpRoxEMLCU2uE=.png,
org.woheller69.arity,ArityCalc,https://f-droid.org/repo/org.woheller69.arity/en-US/icon_gMHvE2YJt_aAZ0GSqTNZj1CttAGxHWIC1SGqOAjbvmc=.png,
com.neumorphic.calculator,Calculator,https://f-droid.org/repo/com.neumorphic.calculator/en-US/icon_vK8z5_ESCkTirctLKFz1GQsAx6V6e_UijQrAeibYr7E=.png,
com.vagujhelyigergely.calculatorm3,Calculator M3,https://f-droid.org/repo/com.vagujhelyigergely.calculatorm3/en-US/icon_22d7Y7qauVIPYvRM_xLn8Yyzh_qGjG-Sr_NslXcN6Uc=.png,
com.tananaev.calculator,Calculator Notification,,
com.marktka.calculatorYou,Calculator You: Math & Units,https://f-droid.org/repo/com.marktka.calculatorYou/en-US/icon_hs5M_Cc4qQp2KgLtI2F8AkH8syZGIupNUgnjsaGyqxo=.png,
com.addictologs,AddictoLogs,https://f-droid.org/repo/com.addictologs/en-US/icon_qNqbXhoffs_pxZuqc5WDfYis46CPV4y3vXyofVFHKes=.png,
co.adityarajput.alarmetrics,Alarmetrics,https://f-droid.org/repo/co.adityarajput.alarmetrics/en-US/icon_jEG1qHuxVx0xNd4P8fJlJeRBwh6P5pxaAZqhQDQsWGQ=.png,
io.github.z3r0c00l_2k.aquadroid,AquaDroid,https://f-droid.org/repo/icons/io.github.z3r0c00l_2k.aquadroid.5.png,
org.kde.bettercounter,BetterCounter,https://f-droid.org/repo/org.kde.bettercounter/en-US/icon_NjF7fbEYDtMsjV1W7YUX-Exl3wyJanZSw6IROR01D0E=.png,
com.app.dailylog,DailyLog,https://f-droid.org/repo/com.app.dailylog/en-US/icon_mfIlAGF50YN0NFokRcwcmMsJH25Jk_RIyDus4n0dMXg=.png,
com.georgeyt9769.cardabase,Cardabase,https://f-droid.org/repo/com.georgeyt9769.cardabase/en-US/icon_ZZLlX_kSl0CeCYCTgHMajM9KMDyxcah6ybAYLvf9zJQ=.png,
me.hackerchick.catima,Catima — Loyalty Card Wallet,https://f-droid.org/repo/me.hackerchick.catima/en-US/icon_VCZNh2txtHoqGn3oaxFP6g8LJ0-CdYJdYhrrtS5X9B8=.png,
nz.eloque.foss_wallet,FossWallet,https://f-droid.org/repo/nz.eloque.foss_wallet/en-US/icon_Y5K0WbuAdzu0c71iufB3qFhukxECnzwg4Dz1YC3iAGs=.png,
com.talsk.amadz,Amadz - Calling App,https://f-droid.org/repo/com.talsk.amadz/en-US/icon_3fPnJsf_UTsZh-JoPLIW9Tn9OlORpT3lgd-RZ3moP18=.png,
com.serwylo.babyphone,Baby Phone,https://f-droid.org/repo/com.serwylo.babyphone/en-US/icon_K8HOqCOl-dbAUK_vfl52VUt_Y66TkZkrN3ZTc7ngdrM=.png,
com.callblocker,Call Blocker,,
com.github.webierta.call_counter,Call Counter,https://f-droid.org/repo/com.github.webierta.call_counter/en-US/icon_2xJZTg2gSN8yv_7CPYFOnFQIbBLtTWoyD-kB01da54U=.png,
com.thirumalai.calllimiter,Call Limiter,https://f-droid.org/repo/com.thirumalai.calllimiter/en-US/icon_FAhzybwkqUbkE2tWHkAXK5dguhbfMoS9g3wwTtWKFOU=.png,
com.clintmoyer.callscope,CallScope,https://f-droid.org/repo/com.clintmoyer.callscope/en-US/icon_hkq7Au4LYdwGC_3pyq6Lb4OHrOvuPqq5uCGiO4K--10=.png,
us.spotco.carrion,Carrion,https://f-droid.org/repo/us.spotco.carrion/en-US/icon_Bw-ui61Lu8E-XX-fk60UPk6HVUZxYdGI6DHcBDo4psI=.png,
fr.jnda.android.system.smsscheduler,CHRONOS,https://f-droid.org/repo/fr.jnda.android.system.smsscheduler/icon/icon_X1jQyWLiS3oqmEQ3T450xjdnNdQZCvboe2AEupA0mfg=.png,
co.ec.cnsyn.codecatcher,CodeCatcher,https://f-droid.org/repo/co.ec.cnsyn.codecatcher/en-US/icon_17N_p5KJZEbN0ghU7c2zuJxDmhVqsG4M8eRJYZKQSdc=.png,
org.tlhInganHol.android.klingonassistant,boQwI',,
com.anysoftkeyboard.janus,Janus Glossa,https://f-droid.org/repo/com.anysoftkeyboard.janus/en-US/icon_tYktxDnO3N_bSsBOI9lDv9wIdieQSdGWiqd2H7yp4QM=.png,
com.hackerapps.jargon,Jargon,https://f-droid.org/repo/com.hackerapps.jargon/en-US/icon_b4FAHnszHB1rH7XFAtm4QSNoyqFUFnhYMwexCHCYJ6c=.png,
com.trianguloy.adnihilation,Adnihilation,https://f-droid.org/repo/com.trianguloy.adnihilation/en-US/icon_LRfIyPWpDzSwpY0fTisQlbin13TCxzzS65AbiQdAp3g=.png,
com.sidhant.arrowescape,Arrow Escape: Infinite Puzzle,https://f-droid.org/repo/com.sidhant.arrowescape/en-US/icon_nR3BXi7hyQDKPax3xKpmW7ytBQxsTCyo8_Olzw7q5uA=.png,
com.ivylopez.authsrng,auth's RNG,,
com.mostafa.brickblast,Brick Blast,https://f-droid.org/repo/com.mostafa.brickblast/en-US/icon_RcK-aOIApQ5AAaq0X9Y5cGwvvQu0i8vDieK03mJFob0=.png,
com.github.jameshnsears.chance,Chance,https://f-droid.org/repo/com.github.jameshnsears.chance/en-US/icon_Pr9TfegtdQd2-3ihuQNbFd2sn0JPzJE5HN3ZZ5LJsJI=.png,
com.uravgcode.chooser,Chooser,https://f-droid.org/repo/com.uravgcode.chooser/en-US/icon_XN3NdHRdjpZRto5bYcu1EvNNZjGo8onlCmOivp1-4iE=.png,
codes.swee.diceapp,Dice App,https://f-droid.org/repo/codes.swee.diceapp/en-US/icon_uczUKmiofLspGMosvqv2Z8F43Ge272m_zgO-Gt34mKM=.png,
com.gpl.rpg.AndorsTrail,Andor's Trail,https://f-droid.org/repo/icons/com.gpl.rpg.AndorsTrail.89.png,
com.arxlibertatis,Arx Libertatis,https://f-droid.org/repo/com.arxlibertatis/en-US/icon_TBnl8Q1iuq1yulCo7o-lHSzNg7-DAIKdxLIXGx25b7I=.png,
com.guiforge.bati,Bati: Fitness RPG,https://f-droid.org/repo/com.guiforge.bati/en-US/icon_2yUxMAqWJSWncbEQytCu6o34VKihA6O_rYTd_B5h8Eg=.png,
com.activitytrace,Activity Trace,https://f-droid.org/repo/com.activitytrace/en-US/icon_nk574CFl7X9fSkoNPx8u2o3NIgHSSGkzInzuObslaJM=.png,
com.example.notificationalerter,Alertly,https://f-droid.org/repo/com.example.notificationalerter/en-US/icon_Oltgjy9BWau-vDbMXRuL2Ueh8dAu_QF42cEmrznr-do=.jpg,
moe.dic1911.autodnd,AutoDND,https://f-droid.org/repo/moe.dic1911.autodnd/en-US/icon_S14jNtZPiTRVVH4V6v42X-3NVF9yRKmfocKNTtxfkr8=.png,
de.ktran.anno1404warenrechner,ANNO 1404 - Calculator,https://f-droid.org/repo/icons/de.ktran.anno1404warenrechner.1.png,
nl.hansdezwart.bgclock,Backgammon Clock,https://f-droid.org/repo/nl.hansdezwart.bgclock/en-US/icon_zp7ks0U9OQNnKU7dvXKu_-ZaeidX38DocdfxrejUFqs=.png,
net.leodesouza.blitz,Blitz: Fischer Chess Clock,https://f-droid.org/repo/net.leodesouza.blitz/en-US/icon_x1C9Wl-9KIq6JRHtpdBBrH3uMSu1MlSO8FUxpPT8MK4=.png,
com.resurrection.blowtorch2,BlowTorch 2,https://f-droid.org/repo/com.resurrection.blowtorch2/en-US/icon_6HiWMWJ-92petqK1bni9sr-I34Py-r_MHA4mwInvoVs=.png,
dev.arnv.bluke,Bluke,https://f-droid.org/repo/dev.arnv.bluke/en-US/icon_ovohJlbPW6jO4r4pJ4_z7ch1wJ8405n1MvuLeiiJNcE=.png,
org.secuso.privacyfriendlyboardgameclock,Boardgame Clock (Privacy Friendly),https://f-droid.org/repo/org.secuso.privacyfriendlyboardgameclock/en-US/icon_85kgnYhCkoI8M9KHgmITVp0DBkgsYUQtfcTS4PFQpMI=.png,
x653.bullseye,Bullseye,https://f-droid.org/repo/x653.bullseye/en-US/icon_TcCEiqkjAtuAa98rx88GTO6cYzL2k14VK9HQzM2Tbu8=.png,
com.mobile.bummerzaehler,Bummerlzähler,https://f-droid.org/repo/com.mobile.bummerzaehler/en-US/icon_aM6eiMx2OW0TqVz3zegSW7Brpfea-FHvZhkDzsFcIN0=.png,
io.github.thachillera.cardsscorekeeper,Cards Score Keeper,https://f-droid.org/repo/icons/io.github.thachillera.cardsscorekeeper.3.png,
cc.narumi.chaldea.fdroid,Chaldea,https://f-droid.org/repo/cc.narumi.chaldea.fdroid/en-US/icon_IhGmft6LD4S2a4vak6UaX5dc4P4_VJoL6zYbUSv7_mA=.png,
com.acho.chat.app,Acho,https://f-droid.org/repo/com.acho.chat.app/en-US/icon_VfHvRoLONo2zeSIJXvQRzGiOZg4kyHgbm4UrhwL3R1g=.png,
com.enclavd.app,Enclavd,https://f-droid.org/repo/com.enclavd.app/en-US/icon_LhrPXVAB7a2NghgeQICEGZmD1ckbXOEwcESFxx6T_Jg=.png,
org.fedisuite.mobile,FediSuite,https://f-droid.org/repo/org.fedisuite.mobile/en-US/icon_iK_QG27x-u4SZBIaA4sJMa6mZ3LTfq_lgKMMc0YEIII=.png,
com.aka.alarm,aka Alarm,https://f-droid.org/repo/com.aka.alarm/en-US/icon_QJirg02vMNjYXTJdocuoyxRlY8lXWQ1yT2olbq_kf5w=.png,
com.angrydoughnuts.android.alarmclock,Alarm Klock,,
com.vicolo.chrono,Chrono,https://f-droid.org/repo/com.vicolo.chrono/en-US/icon_KJ7swoGa9nTj811HxagjyxqqinOLywmo12bmmXKQjQY=.png,
com.best.deskclock,Clock,https://f-droid.org/repo/com.best.deskclock/en-US/icon_JSi6bQGhI7bk9AbCKwtjAYdoSKHGqpQ7MY1bIstMENs=.png,
systems.sieber.fsclock,Clock Screensaver & Widget,https://f-droid.org/repo/systems.sieber.fsclock/en-US/icon_Kv7VY4CM1jrXAKhsqF80pXZ2zTrshs_qWFer6dZFNPs=.png,
eu.quelltext.counting,12345 - Learn Counting,https://f-droid.org/repo/eu.quelltext.counting/en-US/icon_30ymRTCTMZiTzSNXPRLEOukBSubDfmp1CV_cpbGudKw=.png,
org.og8.a1tox,1toX,https://f-droid.org/repo/icons/org.og8.a1tox.1.png,
com.mufradat.africaquiz,Africa Quiz,https://f-droid.org/repo/com.mufradat.africaquiz/en-US/icon_ORiV2pcD41FtlhNYeymb3SWyY8Jp25Wa2KI54zmJjuA=.png,
com.inspiredandroid.braincup,Braincup - Brain Training,https://f-droid.org/repo/com.inspiredandroid.braincup/en-US/icon_ztWvt7sbgVZVcq8e_YkBfgSc3BFjvKwEGZRyGwgtAQk=.png,
de.telefongarten.brainjogging,brainjogging,https://f-droid.org/repo/de.telefongarten.brainjogging/en-US/icon_Cd5TV5MrZQHMGg3LYR1hIpInQTvYOIytkY8BhkGSS9U=.png,
inc.flide.vi8,8Vim Keyboard,https://f-droid.org/repo/inc.flide.vi8/en-US/icon_UgzWpVbB10BJhpbQa3tR7tT3av2GviWW888CfaqXmgs=.png,
io.github.dkter.aaaaa,aaaaa,https://f-droid.org/repo/io.github.dkter.aaaaa/en-US/icon_Jaf5XubL2jWyQiUVgVwHr1VuWWQK-gIVfuj5T7NN6OM=.png,
de.froehlichmedia.adaptkey,AdaptKey,https://f-droid.org/repo/de.froehlichmedia.adaptkey/en-US/icon_H3tnHtuXKpS0oC4JmahPLhm8QIaN8vqfFIPRxW0RDz0=.png,
com.anysoftkeyboard.languagepack.afrikaans_oss,Afrikaans for AnySoftKeyboard,https://f-droid.org/repo/com.anysoftkeyboard.languagepack.afrikaans_oss/en-US/icon_KvoeUYaHC4NnEdUGVKVd2UriuzsqfEqWM9YoPgqt2CA=.png,
com.menny.android.anysoftkeyboard,AnySoftKeyboard,https://f-droid.org/repo/com.menny.android.anysoftkeyboard/en-US/icon_b0e1nApQqv5tCfE6LcKIvFrAhuzbJ4kYkYsD2jho9J0=.png,
com.anysoftkeyboard.languagepack.hebrew,AnySoftKeyboard - Hebrew Language Pack,https://f-droid.org/repo/com.anysoftkeyboard.languagepack.hebrew/en-US/icon_HNw2THCdfQFaiam58esh3OwE2lvVTzl-dEpBDEmkZNY=.png,
com.anysoftkeyboard.theme.three_d,AnySoftKeyboard 3D Theme,https://f-droid.org/repo/com.anysoftkeyboard.theme.three_d/en-US/icon_in0g0h3D12OAp4lTHp_vKvcMJK0_A7WJIacHsxmgIMk=.png,
com.anysoftkeyboard.languagepack.arabic,Arabic for AnySoftKeyboard,https://f-droid.org/repo/com.anysoftkeyboard.languagepack.arabic/en-US/icon_gF4omdVaThR9NTcTRFBEWnmDJogoD-Rh0GaF6ZCFiX4=.png,
com.anysoftkeyboard.languagepack.armenian2,Armenian for AnySoftKeyboard,https://f-droid.org/repo/com.anysoftkeyboard.languagepack.armenian2/en-US/icon_MQZBDY6zoDlSd_ZQsbwRaXPzvG0Wu5Sw8chNMl9geEw=.png,
net.tjado.passwdsafe,Authorizer,,
com.anysoftkeyboard.languagepack.basque,Basque for AnySoftKeyboard,https://f-droid.org/repo/com.anysoftkeyboard.languagepack.basque/en-US/icon_hs7a2yNWO_2DasuLrCoGEFuXt0ELDyDzu6ArM1zMpbc=.png,
com.anysoftkeyboard.languagepack.belarusian,Belarusian for AnySoftKeyboard,https://f-droid.org/repo/com.anysoftkeyboard.languagepack.belarusian/en-US/icon_mVsEFy6FWA-2aC9zjwwF287rk_kS7iRo3faZSUL-HRQ=.png,
com.lukeneedham.braillekeyboard,Brailliac: Braille Keyboard,https://f-droid.org/repo/com.lukeneedham.braillekeyboard/en-US/icon_jnbzNVnx6hx3xzSp7sULG7mhFzfhgK6QdIpvFgg5h24=.png,
com.anysoftkeyboard.languagepack.brazilian,Brazilian Portuguese for AnySoftKeyboard,https://f-droid.org/repo/com.anysoftkeyboard.languagepack.brazilian/en-US/icon_HE4Nrqyi3qORiCysmwknSajP1GXyf6qSDxBR9kh97qY=.png,
com.anysoftkeyboard.languagepack.bribri,Bribri for AnySoftKeyboard,https://f-droid.org/repo/com.anysoftkeyboard.languagepack.bribri/en-US/icon_7_5J3pFt4yOboGhEEVCfv9G5uJRcfYtMCQbxYCR9nNY=.png,
com.galagidae.broadboard,BroadBoard,https://f-droid.org/repo/com.galagidae.broadboard/en-US/icon_1mI9uXRY-qtWSQDn5dAwf8dvztIQ_rg0NMjbbYai8bg=.png,
com.anysoftkeyboard.languagepack.bulgarian,Bulgarian for AnySoftKeyboard,https://f-droid.org/repo/com.anysoftkeyboard.languagepack.bulgarian/en-US/icon_Eb6BQNyvD-7It18Kn6_p9xSPAz8orEpiHvX1MUurapA=.png,
com.series.anlight,An Light | Flashlight,https://f-droid.org/repo/com.series.anlight/en-US/icon_hd7SddXoxS943MQ0r4x3D7B7WjovEKklVVQEI0gp2Tg=.png,
com.elasticrock.candle,Candle,https://f-droid.org/repo/com.elasticrock.candle/en-US/icon_kTHzeiqRjqeSJy6S-oQcnls9eqHmjtSqOiaLUws4hc0=.png,
com.cyb3rko.flashdim,FlashDim - Dim your flashlight,https://f-droid.org/repo/com.cyb3rko.flashdim/en-US/icon_bOxRRYJkVIA5i6JYAMjMoPq2SpN5BSHVO2Ope5z2E40=.png,
com.github.howeyc.crocgui,croc,https://f-droid.org/repo/com.github.howeyc.crocgui/en-US/icon_7BXFnAb6c2hP4URRrNvss776jSNG82wnqJ37NZ7xM7c=.png,
com.dking.crocapp,croc-app,https://f-droid.org/repo/com.dking.crocapp/en-US/icon_cxpVuBB3k9s98E3aAO1Ad-UbErcKAK0EkJubA3V_GIM=.png,
com.github.abakum.crocson,crocson,https://f-droid.org/repo/icons/com.github.abakum.crocson.2014.png,
dev.serwin.AnarchRE,Anarch RE,https://f-droid.org/repo/dev.serwin.AnarchRE/en-US/icon_oLATp1J2YQ5gZptCWvBpl5uA_Unjiphpx5zY0sdQupc=.png,
com.gitlab.ardash.appleflinger.android,Apple Flinger,https://f-droid.org/repo/com.gitlab.ardash.appleflinger.android/en-US/icon_1qrade_iShH0gWVCU9azsheuC26ue63JCBObcYOGUn0=.png,
com.simondalvai.ball2box,Ball2Box,https://f-droid.org/repo/com.simondalvai.ball2box/en-US/icon_WrZr4k6Yh10PG1d6o6xlAsEM9c8xrPaCopr4NhHa4kA=.png,
com.bluesound.bluesoundplayer,BlueSound Controller,https://f-droid.org/repo/com.bluesound.bluesoundplayer/en-US/icon_8VDIegCb1a_SHhrHKU9NteSA7nyju0-IrwV5K2IS-7A=.png,
io.github.jqssun.btremote,Bluetooth Remote,https://f-droid.org/repo/io.github.jqssun.btremote/en-US/icon_RWHWD_d2PpL4qv0M7sE1V_ZSfVd2w2EjwSwG_C2VpOI=.png,
com.elektropepi.bootboi,BootBoi,https://f-droid.org/repo/com.elektropepi.bootboi/en-US/icon_My3OTqWcHtUS7oiQ37meED_QaWv3ODV1KcRjynvnkDw=.png,
com.github.umer0586.droidpad,Droid Pad,https://f-droid.org/repo/com.github.umer0586.droidpad/en-US/icon_qiwoLE1y1Nz5aAE67ux8qKl_e-8GUt4_wJ7MTg_alIs=.png,
com.droidrops.app,Droidrops,https://f-droid.org/repo/com.droidrops.app/en-US/icon_146-cCazb2WYkElIE3vXGbr0CUtBgxb8iAKVi2vbD2Y=.png,
com.damiengo.websiterss,Equipe RSS,https://f-droid.org/repo/com.damiengo.websiterss/en-US/icon_GZ25iCDihrjtCDEOf1RMr16fE8eji20N0dRTLqAadPg=.png,
com.mohamedaminelouati.feedora,Feedora,https://f-droid.org/repo/com.mohamedaminelouati.feedora/en-US/icon_rjNA05hb6XkakRtNpo4FxQfOWcfPzyxR1FPogzKAO-w=.png,
io.gothub.boxorg,boxorg,https://f-droid.org/repo/io.gothub.boxorg/en-US/icon_MJW2gyhKV8D-9suJ5XG8ZXDQ8xvj8eCnQH6OU6vBEjs=.png,
com.louis.app.cavity,Cavity,https://f-droid.org/repo/com.louis.app.cavity/en-US/icon_s7XWG4k4eKOJSnJwQIv9aQ5KXyBe9EIHoR5CpeQ1ODk=.png,
com.myclosetx,Closet-Archive,https://f-droid.org/repo/com.myclosetx/en-US/icon_7SgxJhW8Q-ItqPQ8op0U-96TRfOFRx13MrjN4W5oTU8=.png,
com.cryptosafe.app,CryptoSafe,https://f-droid.org/repo/com.cryptosafe.app/en-US/icon_seVO2awQiFlMfsfXDM7vc2J5TjF37nVvWtIoBtFBsxs=.png,
dk.meznik.jan.encrypttext,Encrypt Text,https://f-droid.org/repo/dk.meznik.jan.encrypttext/en-US/icon_rL1-k6iYN0ev_cLktasXVVkeSVOQkiIifMjwhBUoiPQ=.png,
io.oversec.one,Oversec,https://f-droid.org/repo/io.oversec.one/en-US/icon_ZtcJR11x1eXhAt7yq_Rqta2RIrcgzwRDn8YUJ7VeWGs=.png,
com.aisleron,Aisleron Shopping List,https://f-droid.org/repo/com.aisleron/en-US/icon_41AbDt7wQNV6vAWE8Alq1J_o1DKT98hYJFTeyL13DwM=.png,
com.baly_groceries_tracker.app,Baly Groceries Tracker,https://f-droid.org/repo/com.baly_groceries_tracker.app/en-US/icon_Ox4zvd1J_FjmuC3uB2tUG1pgXJgjJzvheVWWYIWuKUc=.png,
me.wolszon.fastshopping,Fast Shopping,https://f-droid.org/repo/me.wolszon.fastshopping/en-US/icon_vjxM_4PCUYMjox4jIbzpsFGKxkBosRQIN4m0Np_J5nc=.png,
com.phonepvr.friends,Bondwidth,,
net.stargw.contactsimport,Contacts Import,https://f-droid.org/repo/net.stargw.contactsimport/en-US/icon_J1h-BUY-eatMjSvTB8X7bIU2ensXglripuHd3bOmCVg=.png,
org.fossify.contacts,Fossify Contacts,https://f-droid.org/repo/org.fossify.contacts/en-US/icon_KiGiEsSyQLlycwpDjVYUn0jCqGWzHURP4iJQwrFVLGM=.png,
deckers.thibault.aves.libre,Aves Libre,https://f-droid.org/repo/deckers.thibault.aves.libre/en-US/icon_GH5gV0fwEdeDoKaG3fRGgig1tdXzVQ9W7ULgoCprtEg=.png,
com.akslabs.cloudgallery,Chitralaya CloudGallery App,https://f-droid.org/repo/com.akslabs.cloudgallery/en-US/icon_w3ISPNkZop8nml5RoDnVxf9QYhwnIKRZA4pbJmkCXHA=.png,
org.fossify.gallery,Fossify Gallery,https://f-droid.org/repo/org.fossify.gallery/en-US/icon_PacTnoui8YxLsg0xPUkfzomGKFZemSHSr4p2qqrTn1Q=.png,
io.muetsch.anchrandroid,Anchr for Android,https://f-droid.org/repo/io.muetsch.anchrandroid/en-US/icon_iAEioImgnH3ZGKcuA1OJ0KxbxVkBMySpRo9lIDM_4FU=.png,
org.handmadeideas.floccus,floccus bookmark sync,https://f-droid.org/repo/org.handmadeideas.floccus/en-US/icon_ZOWxMHzNpSx8fxUsXD2HIWp9bM8yPwk8rgJTYsAVrrA=.png,
net.casimirlab.frigoligo,Frigoligo,https://f-droid.org/repo/net.casimirlab.frigoligo/en-US/icon_DEQmJEA6LavFrqcTizXRZUTmzGSsijpQ_EZey1v7E_w=.png,
com.tokyoxpa3.androidproxy,5G Proxy Pro,https://f-droid.org/repo/com.tokyoxpa3.androidproxy/en-US/icon_tNAiLeDxaOP4AvdP7KMAPRAMM-ZlKjxVcvKbNQABUlQ=.png,
it.belloworld.mercurygram.plugin.tor,Mercurygram Tor Plugin,,
org.mqvpn.app,mqvpn,https://f-droid.org/repo/org.mqvpn.app/en-US/icon_Psavd8Gwx_OgGVAn9bGBVMCO89uaGU6zaBw9VufCTQY=.png,
com.andsi.airlyrics,AirLyrics,https://f-droid.org/repo/com.andsi.airlyrics/en-US/icon_TO9jUKTFpZ8ZNcqkp7weUAA31wInuivUi35MCZ2qdPs=.png,
org.hollowbamboo.chordreader2,ChordReader 2,https://f-droid.org/repo/org.hollowbamboo.chordreader2/en-US/icon_YdpTXYTfewES1QQpelPWLOHwQO8lKsR_lGRFbMlIVM8=.png,
io.github.teccheck.fastlyrics,FastLyrics,https://f-droid.org/repo/io.github.teccheck.fastlyrics/en-US/icon_Fho2Smns1C1ZpUJp6G0N5Aqjjvk5njBzJGVqQwua1kw=.png,
com.antivocale.app,Anti-Vocale,https://f-droid.org/repo/com.antivocale.app/en-US/icon_XMhKcGSWJauRgpBaaKJtXDFF-QFvG48aCwDjOWBMnAM=.png,
com.georgernstgraf.polishedrecognition,Polished Recognition,https://f-droid.org/repo/com.georgernstgraf.polishedrecognition/en-US/icon_DtKQYePOEGliEZLnHGGm6Pjh8o7pjTBN9RVj5AadBnI=.png,
org.scrib.transcriber,Scrib,https://f-droid.org/repo/org.scrib.transcriber/en-US/icon_uZE9vUpwLCGdl1g0GqRFUCfW4OTo0zPzVTKaRTqjYe4=.png,
com.metalshard.projectwave,Acoustic,https://f-droid.org/repo/com.metalshard.projectwave/en-US/icon_l5wdAiCaPkQuhwckwkMzqN35P_8cQsPxqpC3p-YSMJE=.png,
fr.odrevet.bide_et_musique,Bide et Musique,https://f-droid.org/repo/fr.odrevet.bide_et_musique/en-US/icon_ZaqqnLeDIIZsccwzJQc3AOWKiQhRvOINhnnFMF2GLl0=.png,
com.opensource.i2pradio,deutsia radio,https://f-droid.org/repo/com.opensource.i2pradio/en-US/icon_tw3s4R3xt_sErHRZ19A228Sg02ey0dgk7CPn0-nVNI4=.png,
com.bald.uriah.baldphone,BaldPhone,https://f-droid.org/repo/com.bald.uriah.baldphone/en-US/icon_lN8bNt6lgE5c0WnhAr8fVPsZ04DXw-Efp18WdwbmmZQ=.png,
me.lucky.duress,Duress,https://f-droid.org/repo/me.lucky.duress/en-US/icon_anMZovOqqVTBJjR2iaXdMllA1lACjc8CJX7M_fnh23c=.png,
duress.keyboard,DuressKeyboard,https://f-droid.org/repo/duress.keyboard/en-US/icon_5i5gWHSJE_aBhzYGneHzKysVUDk7-3k8b0MoqDFwd3s=.png,
dev.co508.soundboard,508.dev Soundboard,,
com.jbgsoft.ambio,Ambio: Focus Timer & Sounds,https://f-droid.org/repo/com.jbgsoft.ambio/en-US/icon_S9U_oLR0hm-ANg6mMSe3cls_NMgfDsG3KhK0KAbwWRo=.png,
com.binauralbeat,Binaural Beat,,
net.yukh.xui,3X-UI Manager,https://f-droid.org/repo/net.yukh.xui/en-US/icon_Kg5dcJmF193W1kO5GsFU_fTeMHluUapLEDqjr3y5Qsk=.png,
com.gwitko.conduit,Conduit,https://f-droid.org/repo/icons/com.gwitko.conduit.393.png,
dev.ioanm.fissh,FiSSH,https://f-droid.org/repo/icons/dev.ioanm.fissh.71.png,
com.cloudbasepredictor,Cloudbase Predictor,https://f-droid.org/repo/icons/com.cloudbasepredictor.164.png,
com.geauxweather.app,GeauxWeather,https://f-droid.org/repo/com.geauxweather.app/en-US/icon_6OcPBLNwig6101HHaUNnJvApjPAGaiJs68h-nfnxYNY=.png,
com.freetime.geoweather,GeoWeather,https://f-droid.org/repo/com.freetime.geoweather/en-US/icon_gMVPFW5a0RYLMrVigsfRnDmgsWlQCpyCUT6_waoOMyw=.png,
com.nomadlabs.labcoat.deeplinks,Deep Links for LabCoat,https://f-droid.org/repo/icons/com.nomadlabs.labcoat.deeplinks.1.png,
dev.scarf.gc,gc,,
com.thomas.pedot.gitlalchemy,Gitalchemy,https://f-droid.org/repo/com.thomas.pedot.gitlalchemy/en-US/icon_xfK6odLItXL6itda84wm_E4_PKXBYs46402_NgMRgBU=.png,
com.kaanelloed.iconeration,Alembicons,https://f-droid.org/repo/com.kaanelloed.iconeration/en-US/icon_QdTn_cwfWwT4PQWIuTMMIxPigLHQ0GQJ5_Hav46uYAw=.png,
org.xphnx.ameixa,Ameixa,https://f-droid.org/repo/org.xphnx.ameixa/en-US/icon_CQLCGleZNBzDPRNp1ADs121TecVHFmUbe-Au-4qXF08=.png,
org.xphnx.ameixamonochrome,Ameixa Monochrome,,
io.github.rotundtapir.fivehundred,500 - Multiplayer card game,https://f-droid.org/repo/io.github.rotundtapir.fivehundred/en-US/icon_OScAzCqn0sw5d8Pe648GPliVy85NjeqlIozPMTcY-wM=.png,
crypto.o0o0o0o0o.games.blackjack,Blackjack,,
com.dozingcatsoftware.cardswithcats,Cards With Cats,https://f-droid.org/repo/com.dozingcatsoftware.cardswithcats/en-US/icon_NCsNkhTPgj2gK16MdJgEzePodVYUPESkfs6yjLzMazM=.png,
com.dozingcatsoftware.mouse_pounce,Egyptian Mouse Pounce ,https://f-droid.org/repo/com.dozingcatsoftware.mouse_pounce/en-US/icon_Wsqs0rLOl0Vv-xqv6W2IYio2dPP4Jz1HdBc1SoOm_EE=.png,
com.duetto,Duetto,https://f-droid.org/repo/com.duetto/en-US/icon_TLCaXhQcdQtAjjHTJ-Ix9qWV7p0f86oBB1sO0VVBl0k=.png,
d.d.meshenger,Meshenger,https://f-droid.org/repo/d.d.meshenger/en-US/icon_mHKWmCmST4kMtgjCFwm1WUuRZA8E7Eg-fLkYUml0y48=.png,
de.attarsherz.auvae,Auvae — growing close,https://f-droid.org/repo/icons/de.attarsherz.auvae.1.png,
com.quaap.dodatheexploda,Doda The Exploda,https://f-droid.org/repo/icons/com.quaap.dodatheexploda.3.png,
dev.develsinthedetails.eatpoopyoucat,Eat Poop You Cat,https://f-droid.org/repo/dev.develsinthedetails.eatpoopyoucat/en-US/icon_3xmaMWWIpRuUJsPVC7rs-35lNJM1ALZmkktANAavjq4=.png,
io.github.ewoc2026.ewoc,Ewoc,https://f-droid.org/repo/io.github.ewoc2026.ewoc/en-US/icon_0R3vs93Hc1xyRA-DyYyf1pXSxIUWeceyrvMA2EuhOK8=.png,
com.exner.tools.gymbott,Gym Bott,https://f-droid.org/repo/com.exner.tools.gymbott/en-US/icon_qg1tmRB8jFnd59yybPkTS3vszhvZRA-TFnF05C2GAOM=.png,
com.mbosse.gymloga,GymLoga,https://f-droid.org/repo/com.mbosse.gymloga/en-US/icon_4o6xaSzPBI31Xqw2akQBhLdKIJA4hkzIQAxp1Yks36s=.png,
com.github.gotify,Gotify,https://f-droid.org/repo/com.github.gotify/en-US/icon_dZzYyqYLbiyccNEO4PmwLNlfzOdOP13LOF-yNULEwfY=.png,
com.polar.nextcloudservices,NextcloudServices,,
org.unifiedpush.distributor.nextpush,NextPush,https://f-droid.org/repo/org.unifiedpush.distributor.nextpush/en-US/icon_0n89cTApPXFOx2mP_c447S2kjcSYnyy_A8qZe0BQWhA=.png,
com.github.gschwind.fiddle_assistant,Fiddle Assistant,https://f-droid.org/repo/com.github.gschwind.fiddle_assistant/en-US/icon_EoOVauCJcVCeTo1rk0nQGquzaXagw_8orU5FywWj_Bs=.png,
com.simonslater.guitarfretboardtrainer,GuitarFretboardTrainer,https://f-droid.org/repo/com.simonslater.guitarfretboardtrainer/en-US/icon_5sXJ8WE-GV6PF7rWmILWFZKLL2LLKFCcUoFStIdhiiM=.png,
hsware.neo,HSTempo,https://f-droid.org/repo/hsware.neo/en-US/icon_GpJ1CwB9ezwhKtLUSS0jmZt596i67zxV69UE6GQynsM=.png,
rocks.mm_dev.audav,audav,https://f-droid.org/repo/rocks.mm_dev.audav/en-US/icon_Wj1u7GuMHUJW5BQtaz9Y1VJodJ7D8Rlr1oHMv-My6o0=.png,
com.prangesoftwaresolutions.audioanchor,AudioAnchor,https://f-droid.org/repo/icons/com.prangesoftwaresolutions.audioanchor.33.png,
com.studio4plus.homerplayer2,Homer Audio Player for Seniors,https://f-droid.org/repo/com.studio4plus.homerplayer2/en-US/icon_UMuRRR2sxoox6k_QSMPe-CoXa6s9QaGsI3rnMPInulI=.png,
com.justdeax.composeStopwatch,Compose Stopwatch,https://f-droid.org/repo/com.justdeax.composeStopwatch/en-US/icon_QiFCaWrFjg9WlzZBZOCgROXjyk62cvx1EXL0Jx8GFi4=.png,
com.github.muellerma.stopwatch,Stopwatch,https://f-droid.org/repo/com.github.muellerma.stopwatch/en-US/icon_TJPEQDbzzGPO92LtmHDC4dXMHkWRXTvkasA7OryujIU=.png,
de.nkoeppel.artnet_receiver,ArtNet Receiver,https://f-droid.org/repo/de.nkoeppel.artnet_receiver/en-US/icon_DFIqrCsOmcOCshfHFt4OpHDT3pnAe7kTl7sXlGCi_fs=.jpg,
org.fairspeed.test,FairSpeed - Speed Tester,https://f-droid.org/repo/org.fairspeed.test/en-US/icon_zDOpL7S4P8RzCAHTmgmlprwUjknhYtykuodrquea7vk=.png,
com.networkscanner.app,Network Scanner - WiFi & IP,https://f-droid.org/repo/com.networkscanner.app/en-US/icon_OhnDT419eHKHAm0XhcxWZEhDrgt2icWC6e-lr81xXdA=.png,
com.simonimal.minimalcurconv,Minimal Currency Converter,https://f-droid.org/repo/com.simonimal.minimalcurconv/en-US/icon_RXpOgbiRcbMyqWElvdWn0oiTkR26QYLdrPIcS5rAIlQ=.png,
org.pipoypipagames.cowsrevenge,Cow's Revenge,https://f-droid.org/repo/org.pipoypipagames.cowsrevenge/en/icon_Z5Php_te_VMr5R3h_9DFLelU-F58cJMNwDGH7eP1sEk=.png,
de.informationsanarchistik.teapot.megamichi.duckrun,DuckRun,https://f-droid.org/repo/de.informationsanarchistik.teapot.megamichi.duckrun/en-US/icon_p6gddKxgv82AsmizHwwU4u4yF9XkNg8bnX8pTbgd6Hs=.png,
com.yepgoryo.EggReturnsHome,Egg Returns Home,https://f-droid.org/repo/com.yepgoryo.EggReturnsHome/en-US/icon_GtMsNDbENGcCeP9v2QLWqeG3XUsXEgfGvzcR6Yqyqtk=.png,
de.dotwee.micropinner,MicroPinner,https://f-droid.org/repo/icons/de.dotwee.micropinner.29.png,
org.michaelevans.nightmodeenabler,Night Mode Enabler,https://f-droid.org/repo/icons/org.michaelevans.nightmodeenabler.1.png,
org.emunix.insteadlauncher,INSTEAD,,
sh.fhs.ksre,Katawa Shoujo: Re-Engineered,https://f-droid.org/repo/sh.fhs.ksre/en-US/icon_9lz9lmbGFBvVD8zrAr5ppDSiHa0BY_1M4Nq0waQmrLk=.png,
ru.hugeping.reinstead,RE:INSTEAD,https://f-droid.org/repo/ru.hugeping.reinstead/en-US/icon_LCnaFPP7l7VE3mkyYP3Sh2CzHxwFrw6naVgmb0Gj1ho=.png,
